Workbook

Sheet INSTRUCTIVO
A1: Subsecretaria de Prevención y Promoción de la Salud
A2: Centro Nacional para la Salud de la Infancia y la Adolescencia
A3: Programa de Vacunación Universal
A5: Meta-Logro de Vacuna Anti Influenza Estacional Temporada Invernal 2025-2026 por Unidad de Salud

Sheet ANÁLIS DE META-LOGRO
A1: Subsecretaria de Prevención y Promoción de la Salud
A2: Centro Nacional para la Salud de la Infancia y la Adolescencia
A3: Programa de Vacunación Universal
A5: Meta-Logro de Vacuna Anti Influenza Estacional Temporada Invernal 2025-2026 por Unidad de Salud
A8: Población | C8: DOSIS / GRUPO POBLACIONAL | G8: LOGRO | H8: META | I8: % | K8: Barra de avance
A9: 225 Aplicación de Antiinfluenza Estacional | B9: Población blanco | C9: Primera dosis | F9: 6 a 11 meses | G9: =SUM(OCTUBRE:ABRIL!L8) -> 0 | I9: =IFERROR(G9/H9," ") | K9: =IFERROR(G9/H9,0) -> 0 | L9: =IF(I9=" "," ",IF(I9>100%,"🚫Meta rebasada🚫"," "))
F10: 12 a 23 meses | G10: =SUM(OCTUBRE:ABRIL!L9) -> 0 | I10: =IFERROR(G10/H10," ") | K10: =IFERROR(G10/H10,0) -> 0 | L10: =IF(I10=" "," ",IF(I10>100%,"🚫Meta rebasada🚫"," "))
F11: 24 a 35 meses | G11: =SUM(OCTUBRE:ABRIL!L10) -> 0 | I11: =IFERROR(G11/H11," ") | K11: =IFERROR(G11/H11,0) -> 0 | L11: =IF(I11=" "," ",IF(I11>100%,"🚫Meta rebasada🚫"," "))
F12: 36 a 47 meses | G12: =SUM(OCTUBRE:ABRIL!L11) -> 0 | I12: =IFERROR(G12/H12," ") | K12: =IFERROR(G12/H12,0) -> 0 | L12: =IF(I12=" "," ",IF(I12>100%,"🚫Meta rebasada🚫"," "))
F13: 48 a 59 meses | G13: =SUM(OCTUBRE:ABRIL!L12) -> 0 | I13: =IFERROR(G13/H13," ") | K13: =IFERROR(G13/H13,0) -> 0 | L13: =IF(I13=" "," ",IF(I13>100%,"🚫Meta rebasada🚫"," "))
C14: Segunda dosis | F14: 7 a 11 meses | G14: =SUM(OCTUBRE:ABRIL!L13) -> 0 | I14: =IFERROR(G14/H14," ") | K14: =IFERROR(G14/H14,0) -> 0 | L14: =IF(I14=" "," ",IF(I14>100%,"🚫Meta rebasada🚫"," "))
F15: 12 a 23 meses | G15: =SUM(OCTUBRE:ABRIL!L14) -> 0 | I15: =IFERROR(G15/H15," ") | K15: =IFERROR(G15/H15,0) -> 0 | L15: =IF(I15=" "," ",IF(I15>100%,"🚫Meta rebasada🚫"," "))
F16: 24 a 35 meses | G16: =SUM(OCTUBRE:ABRIL!L15) -> 0 | I16: =IFERROR(G16/H16," ") | K16: =IFERROR(G16/H16,0) -> 0 | L16: =IF(I16=" "," ",IF(I16>100%,"🚫Meta rebasada🚫"," "))
F17: 36 a 47 meses | G17: =SUM(OCTUBRE:ABRIL!L16) -> 0 | I17: =IFERROR(G17/H17," ") | K17: =IFERROR(G17/H17,0) -> 0 | L17: =IF(I17=" "," ",IF(I17>100%,"🚫Meta rebasada🚫"," "))
F18: 48 a 59 meses | G18: =SUM(OCTUBRE:ABRIL!L17) -> 0 | I18: =IFERROR(G18/H18," ") | K18: =IFERROR(G18/H18,0) -> 0 | L18: =IF(I18=" "," ",IF(I18>100%,"🚫Meta rebasada🚫"," "))
C19: Revacunación | F19: 18 a 23 meses | G19: =SUM(OCTUBRE:ABRIL!L18) -> 0 | I19: =IFERROR(G19/H19," ") | K19: =IFERROR(G19/H19,0) -> 0 | L19: =IF(I19=" "," ",IF(I19>100%,"🚫Meta rebasada🚫"," "))
F20: 24 a 35 meses | G20: =SUM(OCTUBRE:ABRIL!L19) -> 0 | I20: =IFERROR(G20/H20," ") | K20: =IFERROR(G20/H20,0) -> 0 | L20: =IF(I20=" "," ",IF(I20>100%,"🚫Meta rebasada🚫"," "))
F21: 36 a 47 meses | G21: =SUM(OCTUBRE:ABRIL!L20) -> 0 | I21: =IFERROR(G21/H21," ") | K21: =IFERROR(G21/H21,0) -> 0 | L21: =IF(I21=" "," ",IF(I21>100%,"🚫Meta rebasada🚫"," "))
F22: 48 a 59 meses | G22: =SUM(OCTUBRE:ABRIL!L21) -> 0 | I22: =IFERROR(G22/H22," ") | K22: =IFERROR(G22/H22,0) -> 0 | L22: =IF(I22=" "," ",IF(I22>100%,"🚫Meta rebasada🚫"," "))
F23: 60 años y más | G23: =SUM(OCTUBRE:ABRIL!L22) -> 0 | I23: =IFERROR(G23/H23," ") | K23: =IFERROR(G23/H23,0) -> 0 | L23: =IF(I23=" "," ",IF(I23>100%,"🚫Meta rebasada🚫"," "))
B24: Población de riesgo de 5 a 59 años | C24: Grupos de riesgo | F24: EMBARAZADAS | G24: =SUM(OCTUBRE:ABRIL!L23) -> 0 | I24: =IFERROR(G24/H24," ") | K24: =IFERROR(G24/H24,0) -> 0 | L24: =IF(I24=" "," ",IF(I24>100%,"🚫Meta rebasada🚫"," "))
F25: PERSONAL DE SALUD EN UNIDADES MÉDICAS | G25: =SUM(OCTUBRE:ABRIL!L24) -> 0 | I25: =IFERROR(G25/H25," ") | K25: =IFERROR(G25/H25,0) -> 0 | L25: =IF(I25=" "," ",IF(I25>100%,"🚫Meta rebasada🚫"," "))
C26: Personas que viven con VIH/SIDA | F26: 5 a 9 años | G26: =SUM(OCTUBRE:ABRIL!L25) -> 0 | I26: =IFERROR(G26/H26," ") | K26: =IFERROR(G26/H26,0) -> 0 | L26: =IF(I26=" "," ",IF(I26>100%,"🚫Meta rebasada🚫"," "))
F27: 10 a 19 años | G27: =SUM(OCTUBRE:ABRIL!L26) -> 0 | I27: =IFERROR(G27/H27," ") | K27: =IFERROR(G27/H27,0) -> 0 | L27: =IF(I27=" "," ",IF(I27>100%,"🚫Meta rebasada🚫"," "))
F28: 20 a 59 años | G28: =SUM(OCTUBRE:ABRIL!L27) -> 0 | I28: =IFERROR(G28/H28," ") | K28: =IFERROR(G28/H28,0) -> 0 | L28: =IF(I28=" "," ",IF(I28>100%,"🚫Meta rebasada🚫"," "))
C29: Diabetes mellitus | F29: 5 a 9 años | G29: =SUM(OCTUBRE:ABRIL!L28) -> 0 | I29: =IFERROR(G29/H29," ") | K29: =IFERROR(G29/H29,0) -> 0 | L29: =IF(I29=" "," ",IF(I29>100%,"🚫Meta rebasada🚫"," "))
F30: 10 a 19 años | G30: =SUM(OCTUBRE:ABRIL!L29) -> 0 | I30: =IFERROR(G30/H30," ") | K30: =IFERROR(G30/H30,0) -> 0 | L30: =IF(I30=" "," ",IF(I30>100%,"🚫Meta rebasada🚫"," "))
F31: 20 a 59 años | G31: =SUM(OCTUBRE:ABRIL!L30) -> 0 | I31: =IFERROR(G31/H31," ") | K31: =IFERROR(G31/H31,0) -> 0 | L31: =IF(I31=" "," ",IF(I31>100%,"🚫Meta rebasada🚫"," "))
C32: Obesidad mórbida | F32: 5 a 9 años | G32: =SUM(OCTUBRE:ABRIL!L31) -> 0 | I32: =IFERROR(G32/H32," ") | K32: =IFERROR(G32/H32,0) -> 0 | L32: =IF(I32=" "," ",IF(I32>100%,"🚫Meta rebasada🚫"," "))
F33: 10 a 19 años | G33: =SUM(OCTUBRE:ABRIL!L32) -> 0 | I33: =IFERROR(G33/H33," ") | K33: =IFERROR(G33/H33,0) -> 0 | L33: =IF(I33=" "," ",IF(I33>100%,"🚫Meta rebasada🚫"," "))
F34: 20 a 59 años | G34: =SUM(OCTUBRE:ABRIL!L33) -> 0 | I34: =IFERROR(G34/H34," ") | K34: =IFERROR(G34/H34,0) -> 0 | L34: =IF(I34=" "," ",IF(I34>100%,"🚫Meta rebasada🚫"," "))
C35: Personas con cardiopatías agudas o crónicas | F35: 5 a 9 años | G35: =SUM(OCTUBRE:ABRIL!L34) -> 0 | I35: =IFERROR(G35/H35," ") | K35: =IFERROR(G35/H35,0) -> 0 | L35: =IF(I35=" "," ",IF(I35>100%,"🚫Meta rebasada🚫"," "))
F36: 10 a 19 años | G36: =SUM(OCTUBRE:ABRIL!L35) -> 0 | I36: =IFERROR(G36/H36," ") | K36: =IFERROR(G36/H36,0) -> 0 | L36: =IF(I36=" "," ",IF(I36>100%,"🚫Meta rebasada🚫"," "))
F37: 20 a 59 años | G37: =SUM(OCTUBRE:ABRIL!L36) -> 0 | I37: =IFERROR(G37/H37," ") | K37: =IFERROR(G37/H37,0) -> 0 | L37: =IF(I37=" "," ",IF(I37>100%,"🚫Meta rebasada🚫"," "))
C38: Personas con enfermedad pulmonar crónica, incluye EPOC y asma | F38: 5 a 9 años | G38: =SUM(OCTUBRE:ABRIL!L37) -> 0 | I38: =IFERROR(G38/H38," ") | K38: =IFERROR(G38/H38,0) -> 0 | L38: =IF(I38=" "," ",IF(I38>100%,"🚫Meta rebasada🚫"," "))
F39: 10 a 19 años | G39: =SUM(OCTUBRE:ABRIL!L38) -> 0 | I39: =IFERROR(G39/H39," ") | K39: =IFERROR(G39/H39,0) -> 0 | L39: =IF(I39=" "," ",IF(I39>100%,"🚫Meta rebasada🚫"," "))
F40: 20 a 59 años | G40: =SUM(OCTUBRE:ABRIL!L39) -> 0 | I40: =IFERROR(G40/H40," ") | K40: =IFERROR(G40/H40,0) -> 0 | L40: =IF(I40=" "," ",IF(I40>100%,"🚫Meta rebasada🚫"," "))
C41: Personas con cáncer | F41: 5 a 9 años | G41: =SUM(OCTUBRE:ABRIL!L40) -> 0 | I41: =IFERROR(G41/H41," ") | K41: =IFERROR(G41/H41,0) -> 0 | L41: =IF(I41=" "," ",IF(I41>100%,"🚫Meta rebasada🚫"," "))
F42: 10 a 19 años | G42: =SUM(OCTUBRE:ABRIL!L41) -> 0 | I42: =IFERROR(G42/H42," ") | K42: =IFERROR(G42/H42,0) -> 0 | L42: =IF(I42=" "," ",IF(I42>100%,"🚫Meta rebasada🚫"," "))
F43: 20 a 59 años | G43: =SUM(OCTUBRE:ABRIL!L42) -> 0 | I43: =IFERROR(G43/H43," ") | K43: =IFERROR(G43/H43,0) -> 0 | L43: =IF(I43=" "," ",IF(I43>100%,"🚫Meta rebasada🚫"," "))
C44: Enfermedades cardiacas o pulmonares congénitas, u otros padecimientos crónicos que requieran consumo prolongado de salicilatos | F44: 5 a 9 años | G44: =SUM(OCTUBRE:ABRIL!L43) -> 0 | I44: =IFERROR(G44/H44," ") | K44: =IFERROR(G44/H44,0) -> 0 | L44: =IF(I44=" "," ",IF(I44>100%,"🚫Meta rebasada🚫"," "))
F45: 10 a 19 años | G45: =SUM(OCTUBRE:ABRIL!L44) -> 0 | I45: =IFERROR(G45/H45," ") | K45: =IFERROR(G45/H45,0) -> 0 | L45: =IF(I45=" "," ",IF(I45>100%,"🚫Meta rebasada🚫"," "))
C46: Personas con insuficiencia renal | F46: 5 a 9 años | G46: =SUM(OCTUBRE:ABRIL!L45) -> 0 | I46: =IFERROR(G46/H46," ") | K46: =IFERROR(G46/H46,0) -> 0 | L46: =IF(I46=" "," ",IF(I46>100%,"🚫Meta rebasada🚫"," "))
F47: 10 a 19 años | G47: =SUM(OCTUBRE:ABRIL!L46) -> 0 | I47: =IFERROR(G47/H47," ") | K47: =IFERROR(G47/H47,0) -> 0 | L47: =IF(I47=" "," ",IF(I47>100%,"🚫Meta rebasada🚫"," "))
F48: 20 a 59 años | G48: =SUM(OCTUBRE:ABRIL!L47) -> 0 | I48: =IFERROR(G48/H48," ") | K48: =IFERROR(G48/H48,0) -> 0 | L48: =IF(I48=" "," ",IF(I48>100%,"🚫Meta rebasada🚫"," "))
C49: Personas con inmunosupresión adquirida por enfermedad o tratamiento, excepto VIH /SIDA | F49: 5 a 9 años | G49: =SUM(OCTUBRE:ABRIL!L48) -> 0 | I49: =IFERROR(G49/H49," ") | K49: =IFERROR(G49/H49,0) -> 0 | L49: =IF(I49=" "," ",IF(I49>100%,"🚫Meta rebasada🚫"," "))
F50: 10 a 19 años | G50: =SUM(OCTUBRE:ABRIL!L49) -> 0 | I50: =IFERROR(G50/H50," ") | K50: =IFERROR(G50/H50,0) -> 0 | L50: =IF(I50=" "," ",IF(I50>100%,"🚫Meta rebasada🚫"," "))
F51: 20 a 59 años | G51: =SUM(OCTUBRE:ABRIL!L50) -> 0 | I51: =IFERROR(G51/H51," ") | K51: =IFERROR(G51/H51,0) -> 0 | L51: =IF(I51=" "," ",IF(I51>100%,"🚫Meta rebasada🚫"," "))
C52: Otros grupos | F52: 5 a 9 años | G52: =SUM(OCTUBRE:ABRIL!L51) -> 0 | I52: =IFERROR(G52/H52," ") | K52: =IFERROR(G52/H52,0) -> 0 | L52: =IF(I52=" "," ",IF(I52>100%,"🚫Meta rebasada🚫"," "))
F53: 10 a 19 años | G53: =SUM(OCTUBRE:ABRIL!L52) -> 0 | I53: =IFERROR(G53/H53," ") | K53: =IFERROR(G53/H53,0) -> 0 | L53: =IF(I53=" "," ",IF(I53>100%,"🚫Meta rebasada🚫"," "))
F54: 20 a 59 años | G54: =SUM(OCTUBRE:ABRIL!L53) -> 0 | I54: =IFERROR(G54/H54," ") | K54: =IFERROR(G54/H54,0) -> 0 | L54: =IF(I54=" "," ",IF(I54>100%,"🚫Meta rebasada🚫"," "))
B55: Total de dosis aplicadas | G55: =SUM(OCTUBRE:ABRIL!L54) -> 0 | H55: =SUM(H9:H54) -> 0 | I55: =IFERROR(G55/H55," ") | K55: =IFERROR(G55/H55,0) -> 0
F56: Frascos | G56: =IFERROR(G55/10," ") -> 0 | H56: =IFERROR(H55/10," ") -> 0 | I56: =IFERROR(H56/G56," ")

Sheet OCTUBRE
C1: Subsecretaria de Prevención y Promoción de la Salud
C2: Centro Nacional para la Salud de la Infancia y la Adolescencia
C3: Programa de Vacunación Universal
C4: ='ANÁLIS DE META-LOGRO'!A5 -> Meta-Logro de Vacuna Anti Influenza Estacional Temporada Invernal 2025-2026 por Unidad de Salud
A7: Población | C7: DOSIS / GRUPO POBLACIONAL | G7: SEMANA 1 | H7: SEMANA 2 | I7: SEMANA 3 | J7: SEMANA 4 | K7: SEMANA 5 | L7: TOTAL
A8: 225 Aplicación de Antiinfluenza Estacional | B8: Población blanco | C8: Primera dosis | F8: 6 a 11 meses | L8: =SUM(G8:K8) -> 0
F9: 12 a 23 meses | L9: =SUM(G9:K9) -> 0
F10: 24 a 35 meses | L10: =SUM(G10:K10) -> 0
F11: 36 a 47 meses | L11: =SUM(G11:K11) -> 0
F12: 48 a 59 meses | L12: =SUM(G12:K12) -> 0
C13: Segunda dosis | F13: 7 a 11 meses | L13: =SUM(G13:K13) -> 0
F14: 12 a 23 meses | L14: =SUM(G14:K14) -> 0
F15: 24 a 35 meses | L15: =SUM(G15:K15) -> 0
F16: 36 a 47 meses | L16: =SUM(G16:K16) -> 0
F17: 48 a 59 meses | L17: =SUM(G17:K17) -> 0
C18: Revacunación | F18: 18 a 23 meses | L18: =SUM(G18:K18) -> 0
F19: 24 a 35 meses | L19: =SUM(G19:K19) -> 0
F20: 36 a 47 meses | L20: =SUM(G20:K20) -> 0
F21: 48 a 59 meses | L21: =SUM(G21:K21) -> 0
F22: 60 años y más | L22: =SUM(G22:K22) -> 0
B23: Población de riesgo de 5 a 59 años | C23: Grupos de riesgo | F23: EMBARAZADAS | L23: =SUM(G23:K23) -> 0
F24: PERSONAL DE SALUD EN UNIDADES MÉDICAS | L24: =SUM(G24:K24) -> 0
C25: Personas que viven con VIH/SIDA | F25: 5 a 9 años | L25: =SUM(G25:K25) -> 0
F26: 10 a 19 años | L26: =SUM(G26:K26) -> 0
F27: 20 a 59 años | L27: =SUM(G27:K27) -> 0
C28: Diabetes mellitus | F28: 5 a 9 años | L28: =SUM(G28:K28) -> 0
F29: 10 a 19 años | L29: =SUM(G29:K29) -> 0
F30: 20 a 59 años | L30: =SUM(G30:K30) -> 0
C31: Obesidad mórbida | F31: 5 a 9 años | L31: =SUM(G31:K31) -> 0
F32: 10 a 19 años | L32: =SUM(G32:K32) -> 0
F33: 20 a 59 años | L33: =SUM(G33:K33) -> 0
C34: Personas con cardiopatías agudas o crónicas | F34: 5 a 9 años | L34: =SUM(G34:K34) -> 0
F35: 10 a 19 años | L35: =SUM(G35:K35) -> 0
F36: 20 a 59 años | L36: =SUM(G36:K36) -> 0
C37: Personas con enfermedad pulmonar crónica, incluye EPOC y asma | F37: 5 a 9 años | L37: =SUM(G37:K37) -> 0
F38: 10 a 19 años | L38: =SUM(G38:K38) -> 0
F39: 20 a 59 años | L39: =SUM(G39:K39) -> 0
C40: Personas con cáncer | F40: 5 a 9 años | L40: =SUM(G40:K40) -> 0
F41: 10 a 19 años | L41: =SUM(G41:K41) -> 0
F42: 20 a 59 años | L42: =SUM(G42:K42) -> 0
C43: Enfermedades cardiacas o pulmonares congénitas, u otros padecimientos crónicos que requieran consumo prolongado de salicilatos | F43: 5 a 9 años | L43: =SUM(G43:K43) -> 0
F44: 10 a 19 años | L44: =SUM(G44:K44) -> 0
C45: Personas con insuficiencia renal | F45: 5 a 9 años | L45: =SUM(G45:K45) -> 0
F46: 10 a 19 años | L46: =SUM(G46:K46) -> 0
F47: 20 a 59 años | L47: =SUM(G47:K47) -> 0
C48: Personas con inmunosupresión adquirida por enfermedad o tratamiento, excepto VIH /SIDA | F48: 5 a 9 años | L48: =SUM(G48:K48) -> 0
F49: 10 a 19 años | L49: =SUM(G49:K49) -> 0
F50: 20 a 59 años | L50: =SUM(G50:K50) -> 0
C51: Otros grupos | F51: 5 a 9 años | L51: =SUM(G51:K51) -> 0
F52: 10 a 19 años | L52: =SUM(G52:K52) -> 0
F53: 20 a 59 años | L53: =SUM(G53:K53) -> 0
B54: Total de dosis aplicadas | G54: =SUM(G8:G53) -> 0 | H54: =SUM(H8:H53) -> 0 | I54: =SUM(I8:I53) -> 0 | J54: =SUM(J8:J53) -> 0 | K54: =SUM(K8:K53) -> 0 | L54: =SUM(L8:L53) -> 0
F55: Frascos | G55: =IFERROR(G54/10," ") -> 0 | H55: =IFERROR(H54/10," ") -> 0 | I55: =IFERROR(I54/10," ") -> 0 | J55: =IFERROR(J54/10," ") -> 0 | K55: =IFERROR(K54/10," ") -> 0 | L55: =IFERROR(L54/10," ") -> 0

Sheet NOVIEMBRE
C1: Subsecretaria de Prevención y Promoción de la Salud
C2: Centro Nacional para la Salud de la Infancia y la Adolescencia
C3: Programa de Vacunación Universal
C4: ='ANÁLIS DE META-LOGRO'!A5 -> Meta-Logro de Vacuna Anti Influenza Estacional Temporada Invernal 2025-2026 por Unidad de Salud
A7: Población | C7: DOSIS / GRUPO POBLACIONAL | G7: SEMANA 1 | H7: SEMANA 2 | I7: SEMANA 3 | J7: SEMANA 4 | K7: SEMANA 5 | L7: TOTAL
A8: 225 Aplicación de Antiinfluenza Estacional | B8: Población blanco | C8: Primera dosis | F8: 6 a 11 meses | L8: =SUM(G8:K8) -> 0
F9: 12 a 23 meses | L9: =SUM(G9:K9) -> 0
F10: 24 a 35 meses | L10: =SUM(G10:K10) -> 0
F11: 36 a 47 meses | L11: =SUM(G11:K11) -> 0
F12: 48 a 59 meses | L12: =SUM(G12:K12) -> 0
C13: Segunda dosis | F13: 7 a 11 meses | L13: =SUM(G13:K13) -> 0
F14: 12 a 23 meses | L14: =SUM(G14:K14) -> 0
F15: 24 a 35 meses | L15: =SUM(G15:K15) -> 0
F16: 36 a 47 meses | L16: =SUM(G16:K16) -> 0
F17: 48 a 59 meses | L17: =SUM(G17:K17) -> 0
C18: Revacunación | F18: 18 a 23 meses | L18: =SUM(G18:K18) -> 0
F19: 24 a 35 meses | L19: =SUM(G19:K19) -> 0
F20: 36 a 47 meses | L20: =SUM(G20:K20) -> 0
F21: 48 a 59 meses | L21: =SUM(G21:K21) -> 0
F22: 60 años y más | L22: =SUM(G22:K22) -> 0
B23: Población de riesgo de 5 a 59 años | C23: Grupos de riesgo | F23: EMBARAZADAS | L23: =SUM(G23:K23) -> 0
F24: PERSONAL DE SALUD EN UNIDADES MÉDICAS | L24: =SUM(G24:K24) -> 0
C25: Personas que viven con VIH/SIDA | F25: 5 a 9 años | L25: =SUM(G25:K25) -> 0
F26: 10 a 19 años | L26: =SUM(G26:K26) -> 0
F27: 20 a 59 años | L27: =SUM(G27:K27) -> 0
C28: Diabetes mellitus | F28: 5 a 9 años | L28: =SUM(G28:K28) -> 0
F29: 10 a 19 años | L29: =SUM(G29:K29) -> 0
F30: 20 a 59 años | L30: =SUM(G30:K30) -> 0
C31: Obesidad mórbida | F31: 5 a 9 años | L31: =SUM(G31:K31) -> 0
F32: 10 a 19 años | L32: =SUM(G32:K32) -> 0
F33: 20 a 59 años | L33: =SUM(G33:K33) -> 0
C34: Personas con cardiopatías agudas o crónicas | F34: 5 a 9 años | L34: =SUM(G34:K34) -> 0
F35: 10 a 19 años | L35: =SUM(G35:K35) -> 0
F36: 20 a 59 años | L36: =SUM(G36:K36) -> 0
C37: Personas con enfermedad pulmonar crónica, incluye EPOC y asma | F37: 5 a 9 años | L37: =SUM(G37:K37) -> 0
F38: 10 a 19 años | L38: =SUM(G38:K38) -> 0
F39: 20 a 59 años | L39: =SUM(G39:K39) -> 0
C40: Personas con cáncer | F40: 5 a 9 años | L40: =SUM(G40:K40) -> 0
F41: 10 a 19 años | L41: =SUM(G41:K41) -> 0
F42: 20 a 59 años | L42: =SUM(G42:K42) -> 0
C43: Enfermedades cardiacas o pulmonares congénitas, u otros padecimientos crónicos que requieran consumo prolongado de salicilatos | F43: 5 a 9 años | L43: =SUM(G43:K43) -> 0
F44: 10 a 19 años | L44: =SUM(G44:K44) -> 0
C45: Personas con insuficiencia renal | F45: 5 a 9 años | L45: =SUM(G45:K45) -> 0
F46: 10 a 19 años | L46: =SUM(G46:K46) -> 0
F47: 20 a 59 años | L47: =SUM(G47:K47) -> 0
C48: Personas con inmunosupresión adquirida por enfermedad o tratamiento, excepto VIH /SIDA | F48: 5 a 9 años | L48: =SUM(G48:K48) -> 0
F49: 10 a 19 años | L49: =SUM(G49:K49) -> 0
F50: 20 a 59 años | L50: =SUM(G50:K50) -> 0
C51: Otros grupos | F51: 5 a 9 años | L51: =SUM(G51:K51) -> 0
F52: 10 a 19 años | L52: =SUM(G52:K52) -> 0
F53: 20 a 59 años | L53: =SUM(G53:K53) -> 0
B54: Total de dosis aplicadas | G54: =SUM(G8:G53) -> 0 | H54: =SUM(H8:H53) -> 0 | I54: =SUM(I8:I53) -> 0 | J54: =SUM(J8:J53) -> 0 | K54: =SUM(K8:K53) -> 0 | L54: =SUM(L8:L53) -> 0
F55: Frascos | G55: =IFERROR(G54/10," ") -> 0 | H55: =IFERROR(H54/10," ") -> 0 | I55: =IFERROR(I54/10," ") -> 0 | J55: =IFERROR(J54/10," ") -> 0 | K55: =IFERROR(K54/10," ") -> 0 | L55: =IFERROR(L54/10," ") -> 0

Sheet DICIEMBRE
C1: Subsecretaria de Prevención y Promoción de la Salud
C2: Centro Nacional para la Salud de la Infancia y la Adolescencia
C3: Programa de Vacunación Universal
C4: ='ANÁLIS DE META-LOGRO'!A5 -> Meta-Logro de Vacuna Anti Influenza Estacional Temporada Invernal 2025-2026 por Unidad de Salud
A7: Población | C7: DOSIS / GRUPO POBLACIONAL | G7: SEMANA 1 | H7: SEMANA 2 | I7: SEMANA 3 | J7: SEMANA 4 | K7: SEMANA 5 | L7: TOTAL
A8: 225 Aplicación de Antiinfluenza Estacional | B8: Población blanco | C8: Primera dosis | F8: 6 a 11 meses | L8: =SUM(G8:K8) -> 0
F9: 12 a 23 meses | L9: =SUM(G9:K9) -> 0
F10: 24 a 35 meses | L10: =SUM(G10:K10) -> 0
F11: 36 a 47 meses | L11: =SUM(G11:K11) -> 0
F12: 48 a 59 meses | L12: =SUM(G12:K12) -> 0
C13: Segunda dosis | F13: 7 a 11 meses | L13: =SUM(G13:K13) -> 0
F14: 12 a 23 meses | L14: =SUM(G14:K14) -> 0
F15: 24 a 35 meses | L15: =SUM(G15:K15) -> 0
F16: 36 a 47 meses | L16: =SUM(G16:K16) -> 0
F17: 48 a 59 meses | L17: =SUM(G17:K17) -> 0
C18: Revacunación | F18: 18 a 23 meses | L18: =SUM(G18:K18) -> 0
F19: 24 a 35 meses | L19: =SUM(G19:K19) -> 0
F20: 36 a 47 meses | L20: =SUM(G20:K20) -> 0
F21: 48 a 59 meses | L21: =SUM(G21:K21) -> 0
F22: 60 años y más | L22: =SUM(G22:K22) -> 0
B23: Población de riesgo de 5 a 59 años | C23: Grupos de riesgo | F23: EMBARAZADAS | L23: =SUM(G23:K23) -> 0
F24: PERSONAL DE SALUD EN UNIDADES MÉDICAS | L24: =SUM(G24:K24) -> 0
C25: Personas que viven con VIH/SIDA | F25: 5 a 9 años | L25: =SUM(G25:K25) -> 0
F26: 10 a 19 años | L26: =SUM(G26:K26) -> 0
F27: 20 a 59 años | L27: =SUM(G27:K27) -> 0
C28: Diabetes mellitus | F28: 5 a 9 años | L28: =SUM(G28:K28) -> 0
F29: 10 a 19 años | L29: =SUM(G29:K29) -> 0
F30: 20 a 59 años | L30: =SUM(G30:K30) -> 0
C31: Obesidad mórbida | F31: 5 a 9 años | L31: =SUM(G31:K31) -> 0
F32: 10 a 19 años | L32: =SUM(G32:K32) -> 0
F33: 20 a 59 años | L33: =SUM(G33:K33) -> 0
C34: Personas con cardiopatías agudas o crónicas | F34: 5 a 9 años | L34: =SUM(G34:K34) -> 0
F35: 10 a 19 años | L35: =SUM(G35:K35) -> 0
F36: 20 a 59 años | L36: =SUM(G36:K36) -> 0
C37: Personas con enfermedad pulmonar crónica, incluye EPOC y asma | F37: 5 a 9 años | L37: =SUM(G37:K37) -> 0
F38: 10 a 19 años | L38: =SUM(G38:K38) -> 0
F39: 20 a 59 años | L39: =SUM(G39:K39) -> 0
C40: Personas con cáncer | F40: 5 a 9 años | L40: =SUM(G40:K40) -> 0
F41: 10 a 19 años | L41: =SUM(G41:K41) -> 0
F42: 20 a 59 años | L42: =SUM(G42:K42) -> 0
C43: Enfermedades cardiacas o pulmonares congénitas, u otros padecimientos crónicos que requieran consumo prolongado de salicilatos | F43: 5 a 9 años | L43: =SUM(G43:K43) -> 0
F44: 10 a 19 años | L44: =SUM(G44:K44) -> 0
C45: Personas con insuficiencia renal | F45: 5 a 9 años | L45: =SUM(G45:K45) -> 0
F46: 10 a 19 años | L46: =SUM(G46:K46) -> 0
F47: 20 a 59 años | L47: =SUM(G47:K47) -> 0
C48: Personas con inmunosupresión adquirida por enfermedad o tratamiento, excepto VIH /SIDA | F48: 5 a 9 años | L48: =SUM(G48:K48) -> 0
F49: 10 a 19 años | L49: =SUM(G49:K49) -> 0
F50: 20 a 59 años | L50: =SUM(G50:K50) -> 0
C51: Otros grupos | F51: 5 a 9 años | L51: =SUM(G51:K51) -> 0
F52: 10 a 19 años | L52: =SUM(G52:K52) -> 0
F53: 20 a 59 años | L53: =SUM(G53:K53) -> 0
B54: Total de dosis aplicadas | G54: =SUM(G8:G53) -> 0 | H54: =SUM(H8:H53) -> 0 | I54: =SUM(I8:I53) -> 0 | J54: =SUM(J8:J53) -> 0 | K54: =SUM(K8:K53) -> 0 | L54: =SUM(L8:L53) -> 0
F55: Frascos | G55: =IFERROR(G54/10," ") -> 0 | H55: =IFERROR(H54/10," ") -> 0 | I55: =IFERROR(I54/10," ") -> 0 | J55: =IFERROR(J54/10," ") -> 0 | K55: =IFERROR(K54/10," ") -> 0 | L55: =IFERROR(L54/10," ") -> 0

Sheet ENERO
C1: Subsecretaria de Prevención y Promoción de la Salud
C2: Centro Nacional para la Salud de la Infancia y la Adolescencia
C3: Programa de Vacunación Universal
C4: ='ANÁLIS DE META-LOGRO'!A5 -> Meta-Logro de Vacuna Anti Influenza Estacional Temporada Invernal 2025-2026 por Unidad de Salud
A7: Población | C7: DOSIS / GRUPO POBLACIONAL | G7: SEMANA 1 | H7: SEMANA 2 | I7: SEMANA 3 | J7: SEMANA 4 | K7: SEMANA 5 | L7: TOTAL
A8: 225 Aplicación de Antiinfluenza Estacional | B8: Población blanco | C8: Primera dosis | F8: 6 a 11 meses | L8: =SUM(G8:K8) -> 0
F9: 12 a 23 meses | L9: =SUM(G9:K9) -> 0
F10: 24 a 35 meses | L10: =SUM(G10:K10) -> 0
F11: 36 a 47 meses | L11: =SUM(G11:K11) -> 0
F12: 48 a 59 meses | L12: =SUM(G12:K12) -> 0
C13: Segunda dosis | F13: 7 a 11 meses | L13: =SUM(G13:K13) -> 0
F14: 12 a 23 meses | L14: =SUM(G14:K14) -> 0
F15: 24 a 35 meses | L15: =SUM(G15:K15) -> 0
F16: 36 a 47 meses | L16: =SUM(G16:K16) -> 0
F17: 48 a 59 meses | L17: =SUM(G17:K17) -> 0
C18: Revacunación | F18: 18 a 23 meses | L18: =SUM(G18:K18) -> 0
F19: 24 a 35 meses | L19: =SUM(G19:K19) -> 0
F20: 36 a 47 meses | L20: =SUM(G20:K20) -> 0
F21: 48 a 59 meses | L21: =SUM(G21:K21) -> 0
F22: 60 años y más | L22: =SUM(G22:K22) -> 0
B23: Población de riesgo de 5 a 59 años | C23: Grupos de riesgo | F23: EMBARAZADAS | L23: =SUM(G23:K23) -> 0
F24: PERSONAL DE SALUD EN UNIDADES MÉDICAS | L24: =SUM(G24:K24) -> 0
C25: Personas que viven con VIH/SIDA | F25: 5 a 9 años | L25: =SUM(G25:K25) -> 0
F26: 10 a 19 años | L26: =SUM(G26:K26) -> 0
F27: 20 a 59 años | L27: =SUM(G27:K27) -> 0
C28: Diabetes mellitus | F28: 5 a 9 años | L28: =SUM(G28:K28) -> 0
F29: 10 a 19 años | L29: =SUM(G29:K29) -> 0
F30: 20 a 59 años | L30: =SUM(G30:K30) -> 0
C31: Obesidad mórbida | F31: 5 a 9 años | L31: =SUM(G31:K31) -> 0
F32: 10 a 19 años | L32: =SUM(G32:K32) -> 0
F33: 20 a 59 años | L33: =SUM(G33:K33) -> 0
C34: Personas con cardiopatías agudas o crónicas | F34: 5 a 9 años | L34: =SUM(G34:K34) -> 0
F35: 10 a 19 años | L35: =SUM(G35:K35) -> 0
F36: 20 a 59 años | L36: =SUM(G36:K36) -> 0
C37: Personas con enfermedad pulmonar crónica, incluye EPOC y asma | F37: 5 a 9 años | L37: =SUM(G37:K37) -> 0
F38: 10 a 19 años | L38: =SUM(G38:K38) -> 0
F39: 20 a 59 años | L39: =SUM(G39:K39) -> 0
C40: Personas con cáncer | F40: 5 a 9 años | L40: =SUM(G40:K40) -> 0
F41: 10 a 19 años | L41: =SUM(G41:K41) -> 0
F42: 20 a 59 años | L42: =SUM(G42:K42) -> 0
C43: Enfermedades cardiacas o pulmonares congénitas, u otros padecimientos crónicos que requieran consumo prolongado de salicilatos | F43: 5 a 9 años | L43: =SUM(G43:K43) -> 0
F44: 10 a 19 años | L44: =SUM(G44:K44) -> 0
C45: Personas con insuficiencia renal | F45: 5 a 9 años | L45: =SUM(G45:K45) -> 0
F46: 10 a 19 años | L46: =SUM(G46:K46) -> 0
F47: 20 a 59 años | L47: =SUM(G47:K47) -> 0
C48: Personas con inmunosupresión adquirida por enfermedad o tratamiento, excepto VIH /SIDA | F48: 5 a 9 años | L48: =SUM(G48:K48) -> 0
F49: 10 a 19 años | L49: =SUM(G49:K49) -> 0
F50: 20 a 59 años | L50: =SUM(G50:K50) -> 0
C51: Otros grupos | F51: 5 a 9 años | L51: =SUM(G51:K51) -> 0
F52: 10 a 19 años | L52: =SUM(G52:K52) -> 0
F53: 20 a 59 años | L53: =SUM(G53:K53) -> 0
B54: Total de dosis aplicadas | G54: =SUM(G8:G53) -> 0 | H54: =SUM(H8:H53) -> 0 | I54: =SUM(I8:I53) -> 0 | J54: =SUM(J8:J53) -> 0 | K54: =SUM(K8:K53) -> 0 | L54: =SUM(L8:L53) -> 0
F55: Frascos | G55: =IFERROR(G54/10," ") -> 0 | H55: =IFERROR(H54/10," ") -> 0 | I55: =IFERROR(I54/10," ") -> 0 | J55: =IFERROR(J54/10," ") -> 0 | K55: =IFERROR(K54/10," ") -> 0 | L55: =IFERROR(L54/10," ") -> 0

Sheet FEBRERO
C1: Subsecretaria de Prevención y Promoción de la Salud
C2: Centro Nacional para la Salud de la Infancia y la Adolescencia
C3: Programa de Vacunación Universal
C4: ='ANÁLIS DE META-LOGRO'!A5 -> Meta-Logro de Vacuna Anti Influenza Estacional Temporada Invernal 2025-2026 por Unidad de Salud
A7: Población | C7: DOSIS / GRUPO POBLACIONAL | G7: SEMANA 1 | H7: SEMANA 2 | I7: SEMANA 3 | J7: SEMANA 4 | K7: SEMANA 5 | L7: TOTAL
A8: 225 Aplicación de Antiinfluenza Estacional | B8: Población blanco | C8: Primera dosis | F8: 6 a 11 meses | L8: =SUM(G8:K8) -> 0
F9: 12 a 23 meses | L9: =SUM(G9:K9) -> 0
F10: 24 a 35 meses | L10: =SUM(G10:K10) -> 0
F11: 36 a 47 meses | L11: =SUM(G11:K11) -> 0
F12: 48 a 59 meses | L12: =SUM(G12:K12) -> 0
C13: Segunda dosis | F13: 7 a 11 meses | L13: =SUM(G13:K13) -> 0
F14: 12 a 23 meses | L14: =SUM(G14:K14) -> 0
F15: 24 a 35 meses | L15: =SUM(G15:K15) -> 0
F16: 36 a 47 meses | L16: =SUM(G16:K16) -> 0
F17: 48 a 59 meses | L17: =SUM(G17:K17) -> 0
C18: Revacunación | F18: 18 a 23 meses | L18: =SUM(G18:K18) -> 0
F19: 24 a 35 meses | L19: =SUM(G19:K19) -> 0
F20: 36 a 47 meses | L20: =SUM(G20:K20) -> 0
F21: 48 a 59 meses | L21: =SUM(G21:K21) -> 0
F22: 60 años y más | L22: =SUM(G22:K22) -> 0
B23: Población de riesgo de 5 a 59 años | C23: Grupos de riesgo | F23: EMBARAZADAS | L23: =SUM(G23:K23) -> 0
F24: PERSONAL DE SALUD EN UNIDADES MÉDICAS | L24: =SUM(G24:K24) -> 0
C25: Personas que viven con VIH/SIDA | F25: 5 a 9 años | L25: =SUM(G25:K25) -> 0
F26: 10 a 19 años | L26: =SUM(G26:K26) -> 0
F27: 20 a 59 años | L27: =SUM(G27:K27) -> 0
C28: Diabetes mellitus | F28: 5 a 9 años | L28: =SUM(G28:K28) -> 0
F29: 10 a 19 años | L29: =SUM(G29:K29) -> 0
F30: 20 a 59 años | L30: =SUM(G30:K30) -> 0
C31: Obesidad mórbida | F31: 5 a 9 años | L31: =SUM(G31:K31) -> 0
F32: 10 a 19 años | L32: =SUM(G32:K32) -> 0
F33: 20 a 59 años | L33: =SUM(G33:K33) -> 0
C34: Personas con cardiopatías agudas o crónicas | F34: 5 a 9 años | L34: =SUM(G34:K34) -> 0
F35: 10 a 19 años | L35: =SUM(G35:K35) -> 0
F36: 20 a 59 años | L36: =SUM(G36:K36) -> 0
C37: Personas con enfermedad pulmonar crónica, incluye EPOC y asma | F37: 5 a 9 años | L37: =SUM(G37:K37) -> 0
F38: 10 a 19 años | L38: =SUM(G38:K38) -> 0
F39: 20 a 59 años | L39: =SUM(G39:K39) -> 0
C40: Personas con cáncer | F40: 5 a 9 años | L40: =SUM(G40:K40) -> 0
F41: 10 a 19 años | L41: =SUM(G41:K41) -> 0
F42: 20 a 59 años | L42: =SUM(G42:K42) -> 0
C43: Enfermedades cardiacas o pulmonares congénitas, u otros padecimientos crónicos que requieran consumo prolongado de salicilatos | F43: 5 a 9 años | L43: =SUM(G43:K43) -> 0
F44: 10 a 19 años | L44: =SUM(G44:K44) -> 0
C45: Personas con insuficiencia renal | F45: 5 a 9 años | L45: =SUM(G45:K45) -> 0
F46: 10 a 19 años | L46: =SUM(G46:K46) -> 0
F47: 20 a 59 años | L47: =SUM(G47:K47) -> 0
C48: Personas con inmunosupresión adquirida por enfermedad o tratamiento, excepto VIH /SIDA | F48: 5 a 9 años | L48: =SUM(G48:K48) -> 0
F49: 10 a 19 años | L49: =SUM(G49:K49) -> 0
F50: 20 a 59 años | L50: =SUM(G50:K50) -> 0
C51: Otros grupos | F51: 5 a 9 años | L51: =SUM(G51:K51) -> 0
F52: 10 a 19 años | L52: =SUM(G52:K52) -> 0
F53: 20 a 59 años | L53: =SUM(G53:K53) -> 0
B54: Total de dosis aplicadas | G54: =SUM(G8:G53) -> 0 | H54: =SUM(H8:H53) -> 0 | I54: =SUM(I8:I53) -> 0 | J54: =SUM(J8:J53) -> 0 | K54: =SUM(K8:K53) -> 0 | L54: =SUM(L8:L53) -> 0
F55: Frascos | G55: =IFERROR(G54/10," ") -> 0 | H55: =IFERROR(H54/10," ") -> 0 | I55: =IFERROR(I54/10," ") -> 0 | J55: =IFERROR(J54/10," ") -> 0 | K55: =IFERROR(K54/10," ") -> 0 | L55: =IFERROR(L54/10," ") -> 0

Sheet MARZO
C1: Subsecretaria de Prevención y Promoción de la Salud
C2: Centro Nacional para la Salud de la Infancia y la Adolescencia
C3: Programa de Vacunación Universal
C4: ='ANÁLIS DE META-LOGRO'!A5 -> Meta-Logro de Vacuna Anti Influenza Estacional Temporada Invernal 2025-2026 por Unidad de Salud
A7: Población | C7: DOSIS / GRUPO POBLACIONAL | G7: SEMANA 1 | H7: SEMANA 2 | I7: SEMANA 3 | J7: SEMANA 4 | K7: SEMANA 5 | L7: TOTAL
A8: 225 Aplicación de Antiinfluenza Estacional | B8: Población blanco | C8: Primera dosis | F8: 6 a 11 meses | L8: =SUM(G8:K8) -> 0
F9: 12 a 23 meses | L9: =SUM(G9:K9) -> 0
F10: 24 a 35 meses | L10: =SUM(G10:K10) -> 0
F11: 36 a 47 meses | L11: =SUM(G11:K11) -> 0
F12: 48 a 59 meses | L12: =SUM(G12:K12) -> 0
C13: Segunda dosis | F13: 7 a 11 meses | L13: =SUM(G13:K13) -> 0
F14: 12 a 23 meses | L14: =SUM(G14:K14) -> 0
F15: 24 a 35 meses | L15: =SUM(G15:K15) -> 0
F16: 36 a 47 meses | L16: =SUM(G16:K16) -> 0
F17: 48 a 59 meses | L17: =SUM(G17:K17) -> 0
C18: Revacunación | F18: 18 a 23 meses | L18: =SUM(G18:K18) -> 0
F19: 24 a 35 meses | L19: =SUM(G19:K19) -> 0
F20: 36 a 47 meses | L20: =SUM(G20:K20) -> 0
F21: 48 a 59 meses | L21: =SUM(G21:K21) -> 0
F22: 60 años y más | L22: =SUM(G22:K22) -> 0
B23: Población de riesgo de 5 a 59 años | C23: Grupos de riesgo | F23: EMBARAZADAS | L23: =SUM(G23:K23) -> 0
F24: PERSONAL DE SALUD EN UNIDADES MÉDICAS | L24: =SUM(G24:K24) -> 0
C25: Personas que viven con VIH/SIDA | F25: 5 a 9 años | L25: =SUM(G25:K25) -> 0
F26: 10 a 19 años | L26: =SUM(G26:K26) -> 0
F27: 20 a 59 años | L27: =SUM(G27:K27) -> 0
C28: Diabetes mellitus | F28: 5 a 9 años | L28: =SUM(G28:K28) -> 0
F29: 10 a 19 años | L29: =SUM(G29:K29) -> 0
F30: 20 a 59 años | L30: =SUM(G30:K30) -> 0
C31: Obesidad mórbida | F31: 5 a 9 años | L31: =SUM(G31:K31) -> 0
F32: 10 a 19 años | L32: =SUM(G32:K32) -> 0
F33: 20 a 59 años | L33: =SUM(G33:K33) -> 0
C34: Personas con cardiopatías agudas o crónicas | F34: 5 a 9 años | L34: =SUM(G34:K34) -> 0
F35: 10 a 19 años | L35: =SUM(G35:K35) -> 0
F36: 20 a 59 años | L36: =SUM(G36:K36) -> 0
C37: Personas con enfermedad pulmonar crónica, incluye EPOC y asma | F37: 5 a 9 años | L37: =SUM(G37:K37) -> 0
F38: 10 a 19 años | L38: =SUM(G38:K38) -> 0
F39: 20 a 59 años | L39: =SUM(G39:K39) -> 0
C40: Personas con cáncer | F40: 5 a 9 años | L40: =SUM(G40:K40) -> 0
F41: 10 a 19 años | L41: =SUM(G41:K41) -> 0
F42: 20 a 59 años | L42: =SUM(G42:K42) -> 0
C43: Enfermedades cardiacas o pulmonares congénitas, u otros padecimientos crónicos que requieran consumo prolongado de salicilatos | F43: 5 a 9 años | L43: =SUM(G43:K43) -> 0
F44: 10 a 19 años | L44: =SUM(G44:K44) -> 0
C45: Personas con insuficiencia renal | F45: 5 a 9 años | L45: =SUM(G45:K45) -> 0
F46: 10 a 19 años | L46: =SUM(G46:K46) -> 0
F47: 20 a 59 años | L47: =SUM(G47:K47) -> 0
C48: Personas con inmunosupresión adquirida por enfermedad o tratamiento, excepto VIH /SIDA | F48: 5 a 9 años | L48: =SUM(G48:K48) -> 0
F49: 10 a 19 años | L49: =SUM(G49:K49) -> 0
F50: 20 a 59 años | L50: =SUM(G50:K50) -> 0
C51: Otros grupos | F51: 5 a 9 años | L51: =SUM(G51:K51) -> 0
F52: 10 a 19 años | L52: =SUM(G52:K52) -> 0
F53: 20 a 59 años | L53: =SUM(G53:K53) -> 0
B54: Total de dosis aplicadas | G54: =SUM(G8:G53) -> 0 | H54: =SUM(H8:H53) -> 0 | I54: =SUM(I8:I53) -> 0 | J54: =SUM(J8:J53) -> 0 | K54: =SUM(K8:K53) -> 0 | L54: =SUM(L8:L53) -> 0
F55: Frascos | G55: =IFERROR(G54/10," ") -> 0 | H55: =IFERROR(H54/10," ") -> 0 | I55: =IFERROR(I54/10," ") -> 0 | J55: =IFERROR(J54/10," ") -> 0 | K55: =IFERROR(K54/10," ") -> 0 | L55: =IFERROR(L54/10," ") -> 0

Sheet ABRIL
C1: Subsecretaria de Prevención y Promoción de la Salud
C2: Centro Nacional para la Salud de la Infancia y la Adolescencia
C3: Programa de Vacunación Universal
C4: ='ANÁLIS DE META-LOGRO'!A5 -> Meta-Logro de Vacuna Anti Influenza Estacional Temporada Invernal 2025-2026 por Unidad de Salud
A7: Población | C7: DOSIS / GRUPO POBLACIONAL | G7: SEMANA 1 | H7: SEMANA 2 | I7: SEMANA 3 | J7: SEMANA 4 | K7: SEMANA 5 | L7: TOTAL
A8: 225 Aplicación de Antiinfluenza Estacional | B8: Población blanco | C8: Primera dosis | F8: 6 a 11 meses | L8: =SUM(G8:K8) -> 0
F9: 12 a 23 meses | L9: =SUM(G9:K9) -> 0
F10: 24 a 35 meses | L10: =SUM(G10:K10) -> 0
F11: 36 a 47 meses | L11: =SUM(G11:K11) -> 0
F12: 48 a 59 meses | L12: =SUM(G12:K12) -> 0
C13: Segunda dosis | F13: 7 a 11 meses | L13: =SUM(G13:K13) -> 0
F14: 12 a 23 meses | L14: =SUM(G14:K14) -> 0
F15: 24 a 35 meses | L15: =SUM(G15:K15) -> 0
F16: 36 a 47 meses | L16: =SUM(G16:K16) -> 0
F17: 48 a 59 meses | L17: =SUM(G17:K17) -> 0
C18: Revacunación | F18: 18 a 23 meses | L18: =SUM(G18:K18) -> 0
F19: 24 a 35 meses | L19: =SUM(G19:K19) -> 0
F20: 36 a 47 meses | L20: =SUM(G20:K20) -> 0
F21: 48 a 59 meses | L21: =SUM(G21:K21) -> 0
F22: 60 años y más | L22: =SUM(G22:K22) -> 0
B23: Población de riesgo de 5 a 59 años | C23: Grupos de riesgo | F23: EMBARAZADAS | L23: =SUM(G23:K23) -> 0
F24: PERSONAL DE SALUD EN UNIDADES MÉDICAS | L24: =SUM(G24:K24) -> 0
C25: Personas que viven con VIH/SIDA | F25: 5 a 9 años | L25: =SUM(G25:K25) -> 0
F26: 10 a 19 años | L26: =SUM(G26:K26) -> 0
F27: 20 a 59 años | L27: =SUM(G27:K27) -> 0
C28: Diabetes mellitus | F28: 5 a 9 años | L28: =SUM(G28:K28) -> 0
F29: 10 a 19 años | L29: =SUM(G29:K29) -> 0
F30: 20 a 59 años | L30: =SUM(G30:K30) -> 0
C31: Obesidad mórbida | F31: 5 a 9 años | L31: =SUM(G31:K31) -> 0
F32: 10 a 19 años | L32: =SUM(G32:K32) -> 0
F33: 20 a 59 años | L33: =SUM(G33:K33) -> 0
C34: Personas con cardiopatías agudas o crónicas | F34: 5 a 9 años | L34: =SUM(G34:K34) -> 0
F35: 10 a 19 años | L35: =SUM(G35:K35) -> 0
F36: 20 a 59 años | L36: =SUM(G36:K36) -> 0
C37: Personas con enfermedad pulmonar crónica, incluye EPOC y asma | F37: 5 a 9 años | L37: =SUM(G37:K37) -> 0
F38: 10 a 19 años | L38: =SUM(G38:K38) -> 0
F39: 20 a 59 años | L39: =SUM(G39:K39) -> 0
C40: Personas con cáncer | F40: 5 a 9 años | L40: =SUM(G40:K40) -> 0
F41: 10 a 19 años | L41: =SUM(G41:K41) -> 0
F42: 20 a 59 años | L42: =SUM(G42:K42) -> 0
C43: Enfermedades cardiacas o pulmonares congénitas, u otros padecimientos crónicos que requieran consumo prolongado de salicilatos | F43: 5 a 9 años | L43: =SUM(G43:K43) -> 0
F44: 10 a 19 años | L44: =SUM(G44:K44) -> 0
C45: Personas con insuficiencia renal | F45: 5 a 9 años | L45: =SUM(G45:K45) -> 0
F46: 10 a 19 años | L46: =SUM(G46:K46) -> 0
F47: 20 a 59 años | L47: =SUM(G47:K47) -> 0
C48: Personas con inmunosupresión adquirida por enfermedad o tratamiento, excepto VIH /SIDA | F48: 5 a 9 años | L48: =SUM(G48:K48) -> 0
F49: 10 a 19 años | L49: =SUM(G49:K49) -> 0
F50: 20 a 59 años | L50: =SUM(G50:K50) -> 0
C51: Otros grupos | F51: 5 a 9 años | L51: =SUM(G51:K51) -> 0
F52: 10 a 19 años | L52: =SUM(G52:K52) -> 0
F53: 20 a 59 años | L53: =SUM(G53:K53) -> 0
B54: Total de dosis aplicadas | G54: =SUM(G8:G53) -> 0 | H54: =SUM(H8:H53) -> 0 | I54: =SUM(I8:I53) -> 0 | J54: =SUM(J8:J53) -> 0 | K54: =SUM(K8:K53) -> 0 | L54: =SUM(L8:L53) -> 0
F55: Frascos | G55: =IFERROR(G54/10," ") -> 0 | H55: =IFERROR(H54/10," ") -> 0 | I55: =IFERROR(I54/10," ") -> 0 | J55: =IFERROR(J54/10," ") -> 0 | K55: =IFERROR(K54/10," ") -> 0 | L55: =IFERROR(L54/10," ") -> 0
