Workbook

Sheet PALOTEO
I3: UMME UMQ | J3: JURICA | K3: MENCHACA | L3: SAN ANTONIO DE LA PUNTA | M3: SAN PABLO | N3: FELIPE CARRILLO PUERTO | O3: LOMA BONITA | P3: PEDRO ESCOBEDO | Q3: JOFRITO | R3: MONTENEGRO | S3: PIE DE GALLO | T3: SAN JOSÉ BUENAVISTA | U3: SAN MIGUELITO | V3: SANTA MARÍA MAGTDALENA | W3: LA SOLANA | X3: TINAJA DE LA ESTANCIA | Y3: LÁZARO CÁRDENAS | Z3: SAN PEDRITO PEÑUELAS | AA3: MENCHACA NORTE | AB3: UMME LA BARRETA | AC3: UMME CERRO DE LA CRUZ | AD3: UMME LA LUZ | AE3: UMME SAN PEDRITO | AF3: UMME RANCHO LARGO | AG3: LA GOTERA | AH3: SAN JOSÉ EL ALTO | AI3: FAM SAN JOSÉ BUENAVISTA | AJ3: FAM PEDRO ESCOBEDO | AK3: FAM PALO ALTO | AL3: UMME MF1 | AM3: UMME AMB1 | AN3: UMME AMB2 | AO3: UMME UMD | AP3: SANTA ROSA | AQ3: SATÉLITE | AR3: SAN PEDRO MARTIR | AS3: LOMAS DE CASABLANCA | AT3: TLACOTE EL BAJO | AU3: Total Municipal
A4: Aplicación de biológicos | B4: Biológico | C4: Clave | D4: Variable | I4: QTSSA001764 | J4: QTSSA001793 | K4: QTSSA001810 | L4: QTSSA001822 | M4: QTSSA001834 | N4: QTSSA001846 | O4: QTSSA001851 | P4: QTSSA001863 | Q4: QTSSA001904 | R4: QTSSA001916 | S4: QTSSA001921 | T4: QTSSA001945 | U4: QTSSA001962 | V4: QTSSA001974 | W4: QTSSA002003 | X4: QTSSA002015 | Y4: QTSSA002522 | Z4: QTSSA002534 | AA4: QTSSA002703 | AB4: QTSSA003544 | AC4: QTSSA003553 | AD4: QTSSA003562 | AE4: QTSSA003595 | AF4: QTSSA003604 | AG4: QTSSA003715 | AH4: QTSSA012240 | AI4: QTSSA012276 | AJ4: QTSSA012281 | AK4: QTSSA012544 | AL4: QTSSA012556 | AM4: QTSSA012561 | AN4: QTSSA012585 | AO4: QTSSA012631 | AP4: QTSSA012655 | AQ4: QTSSA012923 | AR4: QTSSA012976 | AS4: QTSSA012982 | AT4: QTSSA013034
B5: BCG | C5: VBC01 | D5: TOTAL | F5: Recién nacido (primeras 24 horas) | AU5: =SUM(I5:AT5) -> 47
C6: VBC02 | F6: Recién nacido (de 2 a 28 días) | AU6: =SUM(I6:AT6) -> 176
C7: BIO50 | F7: 29 días a 11 meses | AU7: =SUM(I7:AT7) -> 40
C8: BIO03 | F8: 1 a 4 años | AU8: =SUM(I8:AT8) -> 10
C9: VBC03 | F9: 5 a 13 años | AU9: =SUM(I9:AT9) -> 2
C10: VBC51 | D10: MIGRANTES | F10: Recién nacido (primeras 24 horas) | AU10: =SUM(I10:AT10)
C11: VBC52 | F11: Recién nacido (de 2 a 28 días) | AU11: =SUM(I11:AT11)
C12: VBC53 | F12: 29 días a 11 meses | AU12: =SUM(I12:AT12)
C13: VBC54 | F13: 1 a 4 años | AU13: =SUM(I13:AT13)
C14: VBC55 | F14: 5 a 13 años | AU14: =SUM(I14:AT14)
C15: VBF51 | D15: AFROMEXICANOS | F15: Recién nacido (primeras 24 horas) | AU15: =SUM(I15:AT15)
C16: VBF52 | F16: Recién nacido (de 2 a 28 días) | AU16: =SUM(I16:AT16)
C17: VBF53 | F17: 29 días a 11 meses | AU17: =SUM(I17:AT17)
C18: VBF54 | F18: 1 a 4 años | AU18: =SUM(I18:AT18)
C19: VBF55 | F19: 5 a 13 años | AU19: =SUM(I19:AT19)
C20: VBI51 | D20: INDÍGENAS | F20: Recién nacido (primeras 24 horas) | AU20: =SUM(I20:AT20)
C21: VBI52 | F21: Recién nacido (de 2 a 28 días) | AU21: =SUM(I21:AT21)
C22: VBI53 | F22: 29 días a 11 meses | AU22: =SUM(I22:AT22)
C23: VBI54 | F23: 1 a 4 años | AU23: =SUM(I23:AT23)
C24: VBI55 | F24: 5 a 13 años | AU24: =SUM(I24:AT24)
B25: TOTAL BCG | I25: =SUM(I5:I9) | J25: =SUM(J5:J9) -> 20 | K25: =SUM(K5:K9) -> 3 | L25: =SUM(L5:L9) -> 4 | M25: =SUM(M5:M9) -> 3 | N25: =SUM(N5:N9) -> 5 | O25: =SUM(O5:O9) -> 20 | P25: =SUM(P5:P9) -> 53 | ... AT25: =SUM(AT5:AT9) -> 1 | AU25: =SUM(I25:AT25) -> 275
B26: Hepatitis B | C26: VAC06 | D26: TOTAL | F26: Única recién nacido (0 a 7 días) | AU26: =SUM(I26:AT26) -> 152
C27: VHB01 | F27: Mayores de 11 años (sin antecedente vacunal) | H27: Primera | AU27: =SUM(I27:AT27) -> 49
C28: VHB02 | H28: Segunda | AU28: =SUM(I28:AT28) -> 19
C29: VHB03 | F29: Población en riesgo | H29: Primera | AU29: =SUM(I29:AT29) -> 38
C30: VHB04 | H30: Segunda | AU30: =SUM(I30:AT30) -> 11
C31: VHB05 | F31: Personal de salud | H31: Primera | AU31: =SUM(I31:AT31) -> 26
C32: VHB06 | H32: Segunda | AU32: =SUM(I32:AT32) -> 11
C33: VHB51 | D33: MIGRANTES | F33: Única recién nacido (0 a 7 días) | AU33: =SUM(I33:AT33)
C34: VHB52 | F34: Mayores de 11 años (sin antecedente vacunal) | H34: Primera | AU34: =SUM(I34:AT34)
C35: VHB53 | H35: Segunda | AU35: =SUM(I35:AT35)
C36: VHB54 | F36: Población en riesgo | H36: Primera | AU36: =SUM(I36:AT36)
C37: VHB55 | H37: Segunda | AU37: =SUM(I37:AT37)
C38: VHB56 | F38: Personal de salud | H38: Primera | AU38: =SUM(I38:AT38)
C39: VHB57 | H39: Segunda | AU39: =SUM(I39:AT39)
C40: VHF51 | D40: AFROMEXICANOS | F40: Única recién nacido (0 a 7 días) | AU40: =SUM(I40:AT40)
C41: VHF52 | F41: Mayores de 11 años (sin antecedente vacunal) | H41: Primera | AU41: =SUM(I41:AT41)
C42: VHF53 | H42: Segunda | AU42: =SUM(I42:AT42)
C43: VHF54 | F43: Población en riesgo | H43: Primera | AU43: =SUM(I43:AT43)
C44: VHF55 | H44: Segunda | AU44: =SUM(I44:AT44)
C45: VHF56 | F45: Personal de salud | H45: Primera | AU45: =SUM(I45:AT45)
C46: VHF57 | H46: Segunda | AU46: =SUM(I46:AT46)
C47: VHI51 | D47: INDÍGENAS | F47: Única recién nacido (0 a 7 días) | AU47: =SUM(I47:AT47)
C48: VHI52 | F48: Mayores de 11 años (sin antecedente vacunal) | H48: Primera | AU48: =SUM(I48:AT48)
C49: VHI53 | H49: Segunda | AU49: =SUM(I49:AT49)
C50: VHI54 | F50: Población en riesgo | H50: Primera | AU50: =SUM(I50:AT50)
C51: VHI55 | H51: Segunda | AU51: =SUM(I51:AT51)
C52: VHI56 | F52: Personal de salud | H52: Primera | AU52: =SUM(I52:AT52)
C53: VHI57 | H53: Segunda | AU53: =SUM(I53:AT53)
B54: TOTAL HEPATITIS | I54: =SUM(I26:I32) | J54: =SUM(J26:J32) -> 19 | K54: =SUM(K26:K32) -> 2 | L54: =SUM(L26:L32) -> 7 | M54: =SUM(M26:M32) -> 11 | N54: =SUM(N26:N32) -> 5 | O54: =SUM(O26:O32) -> 16 | P54: =SUM(P26:P32) -> 73 | ... AT54: =SUM(AT26:AT32) -> 21 | AU54: =SUM(I54:AT54) -> 306
B55: Hexavalente acelular DPaT + IPV + Hib + HB | C55: VAC67 | D55: TOTAL | F55: Primera 2 a 11 meses | AU55: =SUM(I55:AT55) -> 417
C56: VAC68 | F56: Segunda 4 a 11 meses | AU56: =SUM(I56:AT56) -> 424
C57: VAC69 | F57: Tercera 6 a 11 meses | AU57: =SUM(I57:AT57) -> 372
C58: VAC70 | F58: Refuerzo 18 a 23 meses | AU58: =SUM(I58:AT58) -> 277
C59: VHX01 | F59: Para iniciar o completar esquema 1 a 4 años | H59: Primera | AU59: =SUM(I59:AT59) -> 45
C60: VHX02 | H60: Segunda | AU60: =SUM(I60:AT60) -> 37
C61: VHX03 | H61: Tercera | AU61: =SUM(I61:AT61) -> 40
C62: VHX04 | H62: Refuerzo | AU62: =SUM(I62:AT62) -> 87
C63: VHX51 | D63: MIGRANTES | F63: Primera 2 a 11 meses | AU63: =SUM(I63:AT63)
C64: VHX52 | F64: Segunda 4 a 11 meses | AU64: =SUM(I64:AT64)
C65: VHX53 | F65: Tercera 6 a 11 meses | AU65: =SUM(I65:AT65)
C66: VHX54 | F66: Refuerzo 18 a 23 meses | AU66: =SUM(I66:AT66)
C67: VHX55 | F67: Para iniciar o completar esquema 1 a 4 años | H67: Primera | AU67: =SUM(I67:AT67)
C68: VHX56 | H68: Segunda | AU68: =SUM(I68:AT68)
C69: VHX57 | H69: Tercera | AU69: =SUM(I69:AT69)
C70: VHX58 | H70: Refuerzo | AU70: =SUM(I70:AT70)
C71: VXF51 | D71: AFROMEXICANOS | F71: Primera 2 a 11 meses | AU71: =SUM(I71:AT71)
C72: VXF52 | F72: Segunda 4 a 11 meses | AU72: =SUM(I72:AT72)
C73: VXF53 | F73: Tercera 6 a 11 meses | AU73: =SUM(I73:AT73)
C74: VXF54 | F74: Refuerzo 18 a 23 meses | AU74: =SUM(I74:AT74)
C75: VXF55 | F75: Para iniciar o completar esquema 1 a 4 años | H75: Primera | AU75: =SUM(I75:AT75)
C76: VXF56 | H76: Segunda | AU76: =SUM(I76:AT76)
C77: VXF57 | H77: Tercera | AU77: =SUM(I77:AT77)
C78: VXF58 | H78: Refuerzo | AU78: =SUM(I78:AT78)
C79: VXI51 | D79: INDÍGENAS | F79: Primera 2 a 11 meses | AU79: =SUM(I79:AT79)
C80: VXI52 | F80: Segunda 4 a 11 meses | AU80: =SUM(I80:AT80)
C81: VXI53 | F81: Tercera 6 a 11 meses | AU81: =SUM(I81:AT81)
C82: VXI54 | F82: Refuerzo 18 a 23 meses | AU82: =SUM(I82:AT82)
C83: VXI55 | F83: Para iniciar o completar esquema 1 a 4 años | H83: Primera | AU83: =SUM(I83:AT83)
C84: VXI56 | H84: Segunda | AU84: =SUM(I84:AT84)
C85: VXI57 | H85: Tercera | AU85: =SUM(I85:AT85)
C86: VXI58 | H86: Refuerzo | AU86: =SUM(I86:AT86)
B87: TOTAL HEXAVALENTE | I87: =SUM(I55:I62) | J87: =SUM(J55:J62) -> 71 | K87: =SUM(K55:K62) -> 17 | L87: =SUM(L55:L62) -> 26 | M87: =SUM(M55:M62) -> 27 | N87: =SUM(N55:N62) -> 40 | O87: =SUM(O55:O62) -> 80 | P87: =SUM(P55:P62) -> 165 | ... AT87: =SUM(AT55:AT62) -> 23 | AU87: =SUM(I87:AT87) -> 1699
B88: DPT | C88: VAC12 | D88: TOTAL | F88: Única 4 años | AU88: =SUM(I88:AT88) -> 328
C89: VAC13 | F89: Para iniciar o completar esquema 5 a 6 años única | AU89: =SUM(I89:AT89) -> 76
C90: VPD51 | D90: MIGRANTES | F90: Única 4 años | AU90: =SUM(I90:AT90)
C91: VPD52 | F91: Para iniciar o completar esquema 5 a 6 años única | AU91: =SUM(I91:AT91)
C92: VPD53 | D92: AFROMEXICANOS | F92: Única 4 años | AU92: =SUM(I92:AT92)
C93: VPD54 | F93: Para iniciar o completar esquema 5 a 6 años única | AU93: =SUM(I93:AT93)
C94: VPD55 | D94: INDÍGENAS | F94: Única 4 años | AU94: =SUM(I94:AT94)
C95: VPD56 | F95: Para iniciar o completar esquema 5 a 6 años única | AU95: =SUM(I95:AT95)
B96: TOTAL DPT | I96: =SUM(I88:I89) | J96: =SUM(J88:J89) -> 17 | K96: =SUM(K88:K89) -> 4 | L96: =SUM(L88:L89) -> 6 | M96: =SUM(M88:M89) -> 9 | N96: =SUM(N88:N89) -> 6 | O96: =SUM(O88:O89) -> 13 | P96: =SUM(P88:P89) -> 60 | ... AT96: =SUM(AT88:AT89) -> 8 | AU96: =SUM(I96:AT96) -> 404
B97: Rotavirus RV1 | C97: VRV01 | D97: TOTAL | F97: Primera 2 meses | AU97: =SUM(I97:AT97) -> 412
C98: VRV02 | F98: Segunda 4 meses | AU98: =SUM(I98:AT98) -> 388
C99: VRV03 | F99: Para iniciar o completar esquema | H99: Primera 3 a 7 meses | AU99: =SUM(I99:AT99) -> 35
C100: VRV04 | H100: Segunda 5 a 7 meses | AU100: =SUM(I100:AT100) -> 33
C101: VRV51 | D101: MIGRANTES | F101: Primera 2 meses | AU101: =SUM(I101:AT101)
C102: VRV52 | F102: Segunda 4 meses | AU102: =SUM(I102:AT102)
...

Sheet SEGUIMIENTO DE BIOLOGICO
A1: MUNICIPIO QUERÉTARO
A2: BIOLÓGICO | B2: UMME UMQ | C2: JURICA | D2: MENCHACA | E2: SAN ANTONIO DE LA PUNTA | F2: SAN PABLO | G2: FELIPE CARRILLO PUERTO | H2: LOMA BONITA | I2: PEDRO ESCOBEDO | J2: JOFRITO | K2: MONTENEGRO | L2: PIE DE GALLO | M2: SAN JOSÉ BUENAVISTA | N2: SAN MIGUELITO | O2: SANTA MARÍA MAGTDALENA | P2: LA SOLANA | Q2: TINAJA DE LA ESTANCIA | R2: LÁZARO CÁRDENAS | S2: SAN PEDRITO PEÑUELAS | T2: MENCHACA NORTE | U2: UMME LA BARRETA | V2: UMME CERRO DE LA CRUZ | W2: UMME LA LUZ | X2: UMME SAN PEDRITO | Y2: UMME RANCHO LARGO | Z2: LA GOTERA | AA2: SAN JOSÉ EL ALTO | AB2: FAM SAN JOSÉ BUENAVISTA | AC2: FAM PEDRO ESCOBEDO | AD2: FAM PALO ALTO | AE2: UMME MF1 | AF2: UMME AMB1 | AG2: UMME AMB2 | AH2: UMME UMD | AI2: SANTA ROSA | AJ2: SATÉLITE | AK2: SAN PEDRO MARTIR | AL2: LOMAS DE CASABLANCA | AM2: TLACOTE EL BAJO | AN2: Total | AO2: VALIDACIÓN
A3: EXISTENCIA ANTERIOR (FRASCOS)
A4: BCG | AN4: =SUM(B4:AM4) -> 122
A5: HEPATITIS 10 | AN5: =SUM(B5:AM5) -> 67.95
A6: HEXAVALENTE | AN6: =SUM(B6:AM6) -> 1650
A7: DPT | AN7: =SUM(B7:AM7) -> 80.3
A8: ROTAVIRUS | AN8: =SUM(B8:AM8) -> 998
A9: NEUMOCOCICA 13 | AN9: =SUM(B9:AM9) -> 2748
A10: NEUMOCOCICA 20 | AN10: =SUM(B10:AM10)
A11: SRP (UNIDOSIS) | AN11: =SUM(B11:AM11) -> 7784
A12: INFLUENZA 10 | AN12: =SUM(B12:AM12)
A13: SR (MULTIDOSIS) | AN13: =SUM(B13:AM13) -> 1002
A14: VPH BIVALENTE | AN14: =SUM(B14:AM14) -> 341
A15: TD | AN15: =SUM(B15:AM15) -> 95.3
... A21: VSR | AN21: =SUM(B21:AM21) -> 665
A22: RECIBIDO (FRASCOS)
A23: BCG | AN23: =SUM(B23:AM23) -> 90
A24: HEPATITIS 10 | AN24: =SUM(B24:AM24) -> 22
A25: HEXAVALENTE | AN25: =SUM(B25:AM25) -> 1230
A26: DPT | AN26: =SUM(B26:AM26) -> 24
A27: ROTAVIRUS | AN27: =SUM(B27:AM27) -> 750
A28: NEUMOCOCICA 13 | AN28: =SUM(B28:AM28) -> 700
A29: NEUMOCOCICA 20 | AN29: =SUM(B29:AM29)
A30: SRP (UNIDOSIS) | AN30: =SUM(B30:AM30) -> 560
A31: INFLUENZA 10 | AN31: =SUM(B31:AM31)
A32: SR (MULTIDOSIS) | AN32: =SUM(B32:AM32) -> 33
A33: VPH BIVALENTE | AN33: =SUM(B33:AM33) -> 130
A34: TD | AN34: =SUM(B34:AM34) -> 36
... A40: VSR | AN40: =SUM(B40:AM40) -> 160
A41: APLICADO (DOSIS)
A42: BCG | AN42: =SUM(B42:AM42) -> 275 | AO42: =PALOTEO!AU25 -> 275
A43: HEPATITIS 10 | AN43: =SUM(B43:AM43) -> 230 | AO43: =((PALOTEO!AU26)/2)+(SUM(PALOTEO!AU27:AU32)) -> 230
A44: HEXAVALENTE | AN44: =SUM(B44:AM44) -> 1699 | AO44: =PALOTEO!AU87 -> 1699
A45: DPT | AN45: =SUM(B45:AM45) -> 381 | AO45: =PALOTEO!AU96 -> 404
A46: ROTAVIRUS | AN46: =SUM(B46:AM46) -> 868 | AO46: =PALOTEO!AU113 -> 868
A47: NEUMOCOCICA 13 | AN47: =SUM(B47:AM47) -> 1378 | AO47: =PALOTEO!AU142 -> 1378
A48: NEUMOCOCICA 20 | AN48: =SUM(B48:AM48) | AO48: =PALOTEO!AU171
A49: SRP (UNIDOSIS) | AN49: =SUM(B49:AM49) -> 1078 | AO49: =PALOTEO!AU188 -> 1038
A50: INFLUENZA 10 | AN50: =SUM(B50:AM50) | AO50: =PALOTEO!AU443
A51: SR (MULTIDOSIS) | AN51: =SUM(B51:AM51) -> 251 | AO51: =PALOTEO!AU221 -> 291
A52: VPH BIVALENTE | AN52: =SUM(B52:AM52) -> 8 | AO52: =PALOTEO!AU250 -> 8
A53: TD | AN53: =SUM(B53:AM53) -> 524 | AO53: =PALOTEO!AU353 -> 524
A54: TDPA | AN54: =SUM(B54:AM54) -> 443 | AO54: =PALOTEO!AU362 -> 420
A55: COVID-19 MODERNA | AN55: =SUM(B55:AM55) | AO55: =((SUM(PALOTEO!AU368:AU370)/2)+(SUM(PALOTEO!AU371:AU374)))
A56: COVID-19 PFIZER | AN56: =SUM(B56:AM56)
A57: VARICELA | AN57: =SUM(B57:AM57) | AO57: =PALOTEO!AU259
A58: HEPATITIS A | AN58: =SUM(B58:AM58) -> 231 | AO58: =PALOTEO!AU272 -> 231
A59: VSR | AN59: =SUM(B59:AM59) -> 287 | AO59: =PALOTEO!AU367 -> 287
A60: DESPERDICIO (DOSIS) | AO60: VALIDACIÓN
A61: BCG | AN61: =SUM(B61:AM61) -> 695
A62: HEPATITIS 10 | AN62: =SUM(B62:AM62) -> 68
A63: HEXAVALENTE | AN63: =SUM(B63:AM63)
A64: DPT | AN64: =SUM(B64:AM64) -> 59
A65: ROTAVIRUS | AN65: =SUM(B65:AM65)
A66: NEUMOCOCICA 13 | AN66: =SUM(B66:AM66) -> 93
A67: NEUMOCOCICA 20 | AN67: =SUM(B67:AM67)
A68: SRP (UNIDOSIS) | AN68: =SUM(B68:AM68)
A69: INFLUENZA 10 | AN69: =SUM(B69:AM69)
A70: SR (MULTIDOSIS) | AN70: =SUM(B70:AM70) -> 469
A71: VPH BIVALENTE | AN71: =SUM(B71:AM71)
A72: TD | AN72: =SUM(B72:AM72) -> 36
... A78: VSR | AN78: =SUM(B78:AM78) -> 1
A79: EXISTENCIA AL CORTE (FRASCOS)
A80: BCG | B80: =SUM(((B4+B23)*10-(B42+B61))/10) | C80: =SUM(((C4+C23)*10-(C42+C61))/10) | D80: =SUM(((D4+D23)*10-(D42+D61))/10) | E80: =SUM(((E4+E23)*10-(E42+E61))/10) -> 3 | F80: =SUM(((F4+F23)*10-(F42+F61))/10) -> 3 | G80: =SUM(((G4+G23)*10-(G42+G61))/10) -> 1 | H80: =SUM(((H4+H23)*10-(H42+H61))/10) | I80: =SUM(((I4+I23)*10-(I42+I61))/10) -> 16 | ... AN80: =SUM(((AN4+AN23)*10-(AN42+AN61))/10) -> 115
A81: HEPATITIS 10 | B81: =SUM(((B5+B24)*10-(B43+B62))/10) | C81: =SUM(((C5+C24)*10-(C43+C62))/10) | D81: =SUM(((D5+D24)*10-(D43+D62))/10) -> 1.9 | E81: =SUM(((E5+E24)*10-(E43+E62))/10) -> 1 | F81: =SUM(((F5+F24)*10-(F43+F62))/10) -> 0.65 | G81: =SUM(((G5+G24)*10-(G43+G62))/10) -> 1 | H81: =SUM(((H5+H24)*10-(H43+H62))/10) -> 0.7 | I81: =SUM(((I5+I24)*10-(I43+I62))/10) -> 6.5 | ... AN81: =SUM(((AN5+AN24)*10-(AN43+AN62))/10) -> 60.15
A82: HEXAVALENTE | B82: =(B6+B25)-(B44+B63) | C82: =(C6+C25)-(C44+C63) -> 9 | D82: =(D6+D25)-(D44+D63) -> 59 | E82: =(E6+E25)-(E44+E63) -> 68 | F82: =(F6+F25)-(F44+F63) -> 63 | G82: =(G6+G25)-(G44+G63) -> 28 | H82: =(H6+H25)-(H44+H63) -> 129 | I82: =(I6+I25)-(I44+I63) | ... AN82: =(AN6+AN25)-(AN44+AN63) -> 1181
A83: DPT | B83: =SUM(((B7+B26)*10-(B45+B64))/10) | C83: =SUM(((C7+C26)*10-(C45+C64))/10) -> 1.7 | D83: =SUM(((D7+D26)*10-(D45+D64))/10) -> 0.8 | E83: =SUM(((E7+E26)*10-(E45+E64))/10) -> 1.9 | F83: =SUM(((F7+F26)*10-(F45+F64))/10) -> 0.4 | G83: =SUM(((G7+G26)*10-(G45+G64))/10) -> 1.4 | H83: =SUM(((H7+H26)*10-(H45+H64))/10) -> 3 | I83: =SUM(((I7+I26)*10-(I45+I64))/10) -> 5.5 | ... AN83: =SUM(((AN7+AN26)*10-(AN45+AN64))/10) -> 60.3
A84: ROTAVIRUS | B84: =(B8+B27)-(B46+B65) | C84: =(C8+C27)-(C46+C65) -> 14 | D84: =(D8+D27)-(D46+D65) -> 11 | E84: =(E8+E27)-(E46+E65) -> 22 | F84: =(F8+F27)-(F46+F65) -> 3 | G84: =(G8+G27)-(G46+G65) -> 46 | H84: =(H8+H27)-(H46+H65) -> 97 | I84: =(I8+I27)-(I46+I65) -> 13 | ... AN84: =(AN8+AN27)-(AN46+AN65) -> 880
A85: NEUMOCOCICA 13 | B85: =(B9+B28)-(B47+B66) | C85: =(C9+C28)-(C47+C66) -> 22 | D85: =(D9+D28)-(D47+D66) -> 18 | E85: =(E9+E28)-(E47+E66) -> 87 | F85: =(F9+F28)-(F47+F66) -> 15 | G85: =(G9+G28)-(G47+G66) -> 65 | H85: =(H9+H28)-(H47+H66) -> 67 | I85: =(I9+I28)-(I47+I66) -> 758 | ... AN85: =(AN9+AN28)-(AN47+AN66) -> 1977
A86: NEUMOCOCICA 20 | B86: =(B10+B29)-(B48+B67) | C86: =(C10+C29)-(C48+C67) | D86: =(D10+D29)-(D48+D67) | E86: =(E10+E29)-(E48+E67) | F86: =(F10+F29)-(F48+F67) | G86: =(G10+G29)-(G48+G67) | H86: =(H10+H29)-(H48+H67) | I86: =(I10+I29)-(I48+I67) | ... AN86: =(AN10+AN29)-(AN48+AN67)
A87: SRP (UNIDOSIS) | B87: =(B11+B30)-(B49+B68) | C87: =(C11+C30)-(C49+C68) -> 7 | D87: =(D11+D30)-(D49+D68) -> 25 | E87: =(E11+E30)-(E49+E68) -> 102 | F87: =(F11+F30)-(F49+F68) -> 23 | G87: =(G11+G30)-(G49+G68) -> 207 | H87: =(H11+H30)-(H49+H68) -> 38 | I87: =(I11+I30)-(I49+I68) -> 5010 | ... AN87: =(AN11+AN30)-(AN49+AN68) -> 7266
A88: INFLUENZA 10 | B88: =SUM(((B12+B31)*10-(B50+B69))/10) | C88: =SUM(((C12+C31)*10-(C50+C69))/10) | D88: =SUM(((D12+D31)*10-(D50+D69))/10) | E88: =SUM(((E12+E31)*10-(E50+E69))/10) | F88: =SUM(((F12+F31)*10-(F50+F69))/10) | G88: =SUM(((G12+G31)*10-(G50+G69))/10) | H88: =SUM(((H12+H31)*10-(H50+H69))/10) | I88: =SUM(((I12+I31)*10-(I50+I69))/10) | ... AN88: =SUM(((AN12+AN31)*10-(AN50+AN69))/10)
A89: SR (MULTIDOSIS) | B89: =SUM(((B13+B32)*10-(B51+B70))/10) | C89: =SUM(((C13+C32)*10-(C51+C70))/10) -> 1 | D89: =SUM(((D13+D32)*10-(D51+D70))/10) -> 1 | E89: =SUM(((E13+E32)*10-(E51+E70))/10) -> 5 | F89: =SUM(((F13+F32)*10-(F51+F70))/10) -> 6 | G89: =SUM(((G13+G32)*10-(G51+G70))/10) -> 1 | H89: =SUM(((H13+H32)*10-(H51+H70))/10) | I89: =SUM(((I13+I32)*10-(I51+I70))/10) -> 889 | ... AN89: =SUM(((AN13+AN32)*10-(AN51+AN70))/10) -> 963
A90: VPH BIVALENTE | B90: =(B14+B33)-(B52+B71) | C90: =(C14+C33)-(C52+C71) | D90: =(D14+D33)-(D52+D71) -> 13 | E90: =(E14+E33)-(E52+E71) -> 10 | F90: =(F14+F33)-(F52+F71) | G90: =(G14+G33)-(G52+G71) -> 5 | H90: =(H14+H33)-(H52+H71) | I90: =(I14+I33)-(I52+I71) -> 233 | ... AN90: =(AN14+AN33)-(AN52+AN71) -> 463
A91: TD | B91: =SUM(((B15+B34)*10-(B53+B72))/10) | C91: =SUM(((C15+C34)*10-(C53+C72))/10) | D91: =SUM(((D15+D34)*10-(D53+D72))/10) -> 1 | E91: =SUM(((E15+E34)*10-(E53+E72))/10) -> 0.8 | F91: =SUM(((F15+F34)*10-(F53+F72))/10) -> 1.6 | G91: =SUM(((G15+G34)*10-(G53+G72))/10) -> 0.3 | H91: =SUM(((H15+H34)*10-(H53+H72))/10) -> 2 | I91: =SUM(((I15+I34)*10-(I53+I72))/10) | ... AN91: =SUM(((AN15+AN34)*10-(AN53+AN72))/10) -> 75.3
A92: TDPA | B92: =(B16+B35)-(B54+B73) | C92: =(C16+C35)-(C54+C73) -> 14 | D92: =(D16+D35)-(D54+D73) -> 15 | E92: =(E16+E35)-(E54+E73) -> 13 | F92: =(F16+F35)-(F54+F73) -> 17 | G92: =(G16+G35)-(G54+G73) -> 10 | H92: =(H16+H35)-(H54+H73) -> 25 | I92: =(I16+I35)-(I54+I73) -> 23 | ... AN92: =(AN16+AN35)-(AN54+AN73) -> 863
A93: COVID-19 MODERNA | B93: =SUM(((B17+B36)*5-(B55+B74))/5) | C93: =SUM(((C17+C36)*5-(C55+C74))/5) | D93: =SUM(((D17+D36)*5-(D55+D74))/5) | E93: =SUM(((E17+E36)*5-(E55+E74))/5) | F93: =SUM(((F17+F36)*5-(F55+F74))/5) | G93: =SUM(((G17+G36)*5-(G55+G74))/5) | H93: =SUM(((H17+H36)*5-(H55+H74))/5) | I93: =SUM(((I17+I36)*5-(I55+I74))/5) | ... AM93: =SUM(((AM17+AM36)*5-(AM55+AM74))/5) | AN93: =SUM(((AN17+AN36)*10-(AN55+AN74))/10)
A94: COVID-19 PFIZER | B94: =SUM(((B18+B37)*6-(B56+B75))/6) | C94: =SUM(((C18+C37)*6-(C56+C75))/6) | D94: =SUM(((D18+D37)*6-(D56+D75))/6) | E94: =SUM(((E18+E37)*6-(E56+E75))/6) | F94: =SUM(((F18+F37)*6-(F56+F75))/6) | G94: =SUM(((G18+G37)*6-(G56+G75))/6) | H94: =SUM(((H18+H37)*6-(H56+H75))/6) | I94: =SUM(((I18+I37)*6-(I56+I75))/6) | ... AM94: =SUM(((AM18+AM37)*6-(AM56+AM75))/6) | AN94: =SUM(((AN18+AN37)*10-(AN56+AN75))/10)
A95: VARICELA | B95: =(B19+B38)-(B57+B76) | C95: =(C19+C38)-(C57+C76) | D95: =(D19+D38)-(D57+D76) | E95: =(E19+E38)-(E57+E76) | F95: =(F19+F38)-(F57+F76) | G95: =(G19+G38)-(G57+G76) | H95: =(H19+H38)-(H57+H76) | I95: =(I19+I38)-(I57+I76) | ... AN95: =(AN19+AN38)-(AN57+AN76)
A96: HEPATITIS A | B96: =(B20+B39)-(B58+B77) | C96: =(C20+C39)-(C58+C77) -> 9 | D96: =(D20+D39)-(D58+D77) -> 11 | E96: =(E20+E39)-(E58+E77) -> 9 | F96: =(F20+F39)-(F58+F77) -> 4 | G96: =(G20+G39)-(G58+G77) -> 15 | H96: =(H20+H39)-(H58+H77) -> 21 | I96: =(I20+I39)-(I58+I77) -> 123 | ... AN96: =(AN20+AN39)-(AN58+AN77) -> 621
A97: VSR | B97: =(B21+B40)-(B59+B78) | C97: =(C21+C40)-(C59+C78) -> 2 | D97: =(D21+D40)-(D59+D78) -> 5 | E97: =(E21+E40)-(E59+E78) -> 6 | F97: =(F21+F40)-(F59+F78) -> 7 | G97: =(G21+G40)-(G59+G78) -> 6 | H97: =(H21+H40)-(H59+H78) -> 26 | I97: =(I21+I40)-(I59+I78) -> 89 | ... AN97: =(AN21+AN40)-(AN59+AN78) -> 537
