Workbook

Sheet GENERAL
A1: =TODAY() -> 46301
A3: UNIDAD | B3: NEU20 | C3: NEU13 | D3: ROTA | E3: HEXA | F3: HB M | G3: HA U | H3: SR | I3: BCG | J3: DPT | K3: TDPA | L3: TD | M3: VAR | N3: SRP | O3: INFLU1 | P3: INFLU2 | Q3: INFLU3 | R3: INFLU4 | S3: VPH | T3: COVID MOD | U3: COVID PFI | V3: VSR
A4: REQUISICION GENERAL
A5: UMQ
A6: JURICA
A7: MENCHACA
A8: SAN ANTONIO DE LA PUNTA
A9: SAN PABLO
A10: FELIPE CARRILLO PUERTO
A11: LOMA BONITA
A12: PEDRO ESCOBEDO
A13: JOFRITO
A14: MONTENEGRO
A15: PIE DE GALLO
... A42: LOMAS DE CASA BLANCA
A43: TOTAL MUNICIPAL | B43: =SUM(B5:B42) -> 0 | C43: =SUM(C5:C42) -> 0 | D43: =SUM(D5:D42) -> 0 | E43: =SUM(E5:E42) -> 0 | F43: =SUM(F5:F42) -> 0 | H43: =SUM(H5:H42) -> 0 | I43: =SUM(I5:I42) -> 0 | J43: =SUM(J5:J42) -> 0 | K43: =SUM(K5:K42) -> 0 | L43: =SUM(L5:L42) -> 0 | M43: =SUM(M5:M42) -> 0 | N43: =SUM(N5:N42) -> 0 | O43: =SUM(O5:O42) -> 0 | ... R43: =SUM(R5:R42) -> 0 | V43: =SUM(V5:V42) -> 0
A44: TOTAL | B44: =SUM(B5:B42) -> 0 | C44: =SUM(C5:C42) -> 0 | D44: =SUM(D5:D42) -> 0 | E44: =SUM(E5:E42) -> 0 | F44: =SUM(F5:F42) -> 0 | H44: =SUM(H5:H42) -> 0 | I44: =SUM(I5:I42) -> 0 | J44: =SUM(J5:J42) -> 0 | K44: =SUM(K5:K42) -> 0 | L44: =SUM(L5:L42) -> 0 | M44: =SUM(M5:M42) -> 0 | N44: =SUM(N5:N42) -> 0 | O44: =SUM(O5:O42) -> 0 | ... R44: =SUM(R5:R42) -> 0 | V44: =SUM(V5:V42) -> 0
A45: PRIORITARIOS | B45: =SUM(B42,B40,B12) -> 0 | C45: =SUM(C42,C40,C12) -> 0 | D45: =SUM(D42,D40,D12) -> 0 | E45: =SUM(E42,E40,E12) -> 0 | F45: =SUM(F42,F40,F12) -> 0 | H45: =SUM(H42,H40,H12) -> 0 | I45: =SUM(I42,I40,I12) -> 0 | J45: =SUM(J42,J40,J12) -> 0 | K45: =SUM(K42,K40,K12) -> 0 | L45: =SUM(L42,L40,L12) -> 0 | M45: =SUM(M42,M40,M12) -> 0 | N45: =SUM(N42,N40,N12) -> 0 | O45: =SUM(O42,O40,O12) -> 0 | ... R45: =SUM(R42,R40,R12) -> 0 | V45: =SUM(V42,V40,V12) -> 0
A47: PEDRO ESCOBEDO | B47: =B12 -> 0 | C47: =C12 -> 0 | D47: =D12 -> 0 | E47: =E12 -> 0 | F47: =F12 -> 0 | H47: =H12 -> 0 | I47: =I12 -> 0 | J47: =J12 -> 0 | K47: =K12 -> 0 | L47: =L12 -> 0 | N47: =N12 -> 0 | O47: =O12 -> 0 | P47: =P12 -> 0 | Q47: =Q12 -> 0 | R47: =R12 -> 0 | V47: =V12 -> 0 | W47: =SUM(B47:V47) -> 0
A48: SATELITE | B48: =B40 -> 0 | C48: =C40 -> 0 | D48: =D40 -> 0 | E48: =E40 -> 0 | F48: =F40 -> 0 | H48: =H40 -> 0 | I48: =I40 -> 0 | J48: =J40 -> 0 | K48: =K40 -> 0 | L48: =L40 -> 0 | N48: =N40 -> 0 | O48: =O40 -> 0 | P48: =P40 -> 0 | Q48: =Q40 -> 0 | R48: =R40 -> 0 | V48: =V40 -> 0 | W48: =SUM(B48:V48) -> 0
A49: LOMAS DE CASA BLANCA | B49: =B42 -> 0 | C49: =C42 -> 0 | D49: =D42 -> 0 | E49: =E42 -> 0 | F49: =F42 -> 0 | H49: =H42 -> 0 | I49: =I42 -> 0 | J49: =J42 -> 0 | K49: =K42 -> 0 | L49: =L42 -> 0 | N49: =N42 -> 0 | O49: =O42 -> 0 | P49: =P42 -> 0 | Q49: =Q42 -> 0 | R49: =R42 -> 0 | V49: =V42 -> 0 | W49: =SUM(B49:V49) -> 0
A50: TOTAL | B50: =SUM(B47:B49) -> 0 | C50: =SUM(C47:C49) -> 0 | D50: =SUM(D47:D49) -> 0 | E50: =SUM(E47:E49) -> 0 | F50: =SUM(F47:F49) -> 0 | H50: =SUM(H47:H49) -> 0 | I50: =SUM(I47:I49) -> 0 | J50: =SUM(J47:J49) -> 0 | K50: =SUM(K47:K49) -> 0 | L50: =SUM(L47:L49) -> 0 | N50: =SUM(N47:N49) -> 0 | O50: =SUM(O47:O49) -> 0 | P50: =SUM(P47:P49) -> 0 | Q50: =SUM(Q47:Q49) -> 0 | R50: =SUM(R47:R49) -> 0 | V50: =SUM(V47:V49) -> 0 | W50: =SUM(W47:W49) -> 0

Sheet RUTA 1
A1: =GENERAL!A1 -> 46301
A3: UNIDAD | B3: NEU23 | C3: NEU13 | D3: ROTA | E3: HEXA | F3: HB M | G3: SR | H3: HB U | I3: BCG | J3: DPT | K3: TDPA | L3: TD | M3: VAR | N3: HA U | O3: SRP | P3: INFLU1 | Q3: INFLU2 | R3: INFLU3 | S3: INFLU4 | T3: COVID
A4: MENCHACA 1 | B4: =IF(GENERAL!B7=0," ",GENERAL!B7) | C4: =IF(GENERAL!C7=0," ",GENERAL!C7) | D4: =IF(GENERAL!D7=0," ",GENERAL!D7) | E4: =IF(GENERAL!E7=0," ",GENERAL!E7) | F4: =IF(GENERAL!F7=0," ",GENERAL!F7) | G4: =IF(GENERAL!H7=0," ",GENERAL!H7) | H4: =IF(GENERAL!#REF!=0," ",GENERAL!#REF!) -> #REF! | I4: =IF(GENERAL!I7=0," ",GENERAL!I7) | J4: =IF(GENERAL!J7=0," ",GENERAL!J7) | K4: =IF(GENERAL!K7=0," ",GENERAL!K7) | L4: =IF(GENERAL!L7=0," ",GENERAL!L7) | M4: =IF(GENERAL!M7=0," ",GENERAL!M7) | N4: =IF(GENERAL!#REF!=0," ",GENERAL!#REF!) -> #REF! | O4: =IF(GENERAL!N7=0," ",GENERAL!N7) | P4: =IF(GENERAL!O7=0," ",GENERAL!O7) | Q4: =IF(GENERAL!P7=0," ",GENERAL!P7) | R4: =IF(GENERAL!Q7=0," ",GENERAL!Q7) | S4: =IF(GENERAL!R7=0," ",GENERAL!R7) | T4: =IF(GENERAL!V7=0," ",GENERAL!V7)
A5: LOMA BONITA | B5: =IF(GENERAL!B11=0," ",GENERAL!B11) | C5: =IF(GENERAL!C11=0," ",GENERAL!C11) | D5: =IF(GENERAL!D11=0," ",GENERAL!D11) | E5: =IF(GENERAL!E11=0," ",GENERAL!E11) | F5: =IF(GENERAL!F11=0," ",GENERAL!F11) | G5: =IF(GENERAL!H11=0," ",GENERAL!H11) | H5: =IF(GENERAL!#REF!=0," ",GENERAL!#REF!) -> #REF! | I5: =IF(GENERAL!I11=0," ",GENERAL!I11) | J5: =IF(GENERAL!J11=0," ",GENERAL!J11) | K5: =IF(GENERAL!K11=0," ",GENERAL!K11) | L5: =IF(GENERAL!L11=0," ",GENERAL!L11) | M5: =IF(GENERAL!M11=0," ",GENERAL!M11) | N5: =IF(GENERAL!#REF!=0," ",GENERAL!#REF!) -> #REF! | O5: =IF(GENERAL!N11=0," ",GENERAL!N11) | P5: =IF(GENERAL!O11=0," ",GENERAL!O11) | Q5: =IF(GENERAL!P11=0," ",GENERAL!P11) | R5: =IF(GENERAL!Q11=0," ",GENERAL!Q11) | S5: =IF(GENERAL!R11=0," ",GENERAL!R11) | T5: =IF(GENERAL!V11=0," ",GENERAL!V11)
A6: LAZARO CARDENAS | B6: =IF(GENERAL!B22=0," ",GENERAL!B22) | C6: =IF(GENERAL!C22=0," ",GENERAL!C22) | D6: =IF(GENERAL!D22=0," ",GENERAL!D22) | E6: =IF(GENERAL!E22=0," ",GENERAL!E22) | F6: =IF(GENERAL!F22=0," ",GENERAL!F22) | G6: =IF(GENERAL!H22=0," ",GENERAL!H22) | H6: =IF(GENERAL!#REF!=0," ",GENERAL!#REF!) -> #REF! | I6: =IF(GENERAL!I22=0," ",GENERAL!I22) | J6: =IF(GENERAL!J22=0," ",GENERAL!J22) | K6: =IF(GENERAL!K22=0," ",GENERAL!K22) | L6: =IF(GENERAL!L22=0," ",GENERAL!L22) | M6: =IF(GENERAL!M22=0," ",GENERAL!M22) | N6: =IF(GENERAL!#REF!=0," ",GENERAL!#REF!) -> #REF! | O6: =IF(GENERAL!N22=0," ",GENERAL!N22) | P6: =IF(GENERAL!O22=0," ",GENERAL!O22) | Q6: =IF(GENERAL!P22=0," ",GENERAL!P22) | R6: =IF(GENERAL!Q22=0," ",GENERAL!Q22) | S6: =IF(GENERAL!R22=0," ",GENERAL!R22) | T6: =IF(GENERAL!V22=0," ",GENERAL!V22)
A7: SAN PEDRITO PEÑUELAS | B7: =IF(GENERAL!B23=0," ",GENERAL!B23) | C7: =IF(GENERAL!C23=0," ",GENERAL!C23) | D7: =IF(GENERAL!D23=0," ",GENERAL!D23) | E7: =IF(GENERAL!E23=0," ",GENERAL!E23) | F7: =IF(GENERAL!F23=0," ",GENERAL!F23) | G7: =IF(GENERAL!H23=0," ",GENERAL!H23) | H7: =IF(GENERAL!#REF!=0," ",GENERAL!#REF!) -> #REF! | I7: =IF(GENERAL!I23=0," ",GENERAL!I23) | J7: =IF(GENERAL!J23=0," ",GENERAL!J23) | K7: =IF(GENERAL!K23=0," ",GENERAL!K23) | L7: =IF(GENERAL!L23=0," ",GENERAL!L23) | M7: =IF(GENERAL!M23=0," ",GENERAL!M23) | N7: =IF(GENERAL!#REF!=0," ",GENERAL!#REF!) -> #REF! | O7: =IF(GENERAL!N23=0," ",GENERAL!N23) | P7: =IF(GENERAL!O23=0," ",GENERAL!O23) | Q7: =IF(GENERAL!P23=0," ",GENERAL!P23) | R7: =IF(GENERAL!Q23=0," ",GENERAL!Q23) | S7: =IF(GENERAL!R23=0," ",GENERAL!R23) | T7: =IF(GENERAL!V23=0," ",GENERAL!V23)
A8: MENCHACA NORTE | B8: =IF(GENERAL!B24=0," ",GENERAL!B24) | C8: =IF(GENERAL!C24=0," ",GENERAL!C24) | D8: =IF(GENERAL!D24=0," ",GENERAL!D24) | E8: =IF(GENERAL!E24=0," ",GENERAL!E24) | F8: =IF(GENERAL!F24=0," ",GENERAL!F24) | G8: =IF(GENERAL!H24=0," ",GENERAL!H24) | H8: =IF(GENERAL!#REF!=0," ",GENERAL!#REF!) -> #REF! | I8: =IF(GENERAL!I24=0," ",GENERAL!I24) | J8: =IF(GENERAL!J24=0," ",GENERAL!J24) | K8: =IF(GENERAL!K24=0," ",GENERAL!K24) | L8: =IF(GENERAL!L24=0," ",GENERAL!L24) | M8: =IF(GENERAL!M24=0," ",GENERAL!M24) | N8: =IF(GENERAL!#REF!=0," ",GENERAL!#REF!) -> #REF! | O8: =IF(GENERAL!N24=0," ",GENERAL!N24) | P8: =IF(GENERAL!O24=0," ",GENERAL!O24) | Q8: =IF(GENERAL!P24=0," ",GENERAL!P24) | R8: =IF(GENERAL!Q24=0," ",GENERAL!Q24) | S8: =IF(GENERAL!R24=0," ",GENERAL!R24) | T8: =IF(GENERAL!V24=0," ",GENERAL!V24)
A9: SAN JOSE EL ALTO | B9: =IF(GENERAL!B25=0," ",GENERAL!B25) | C9: =IF(GENERAL!C31=0," ",GENERAL!C31) | D9: =IF(GENERAL!D31=0," ",GENERAL!D31) | E9: =IF(GENERAL!E31=0," ",GENERAL!E31) | F9: =IF(GENERAL!F31=0," ",GENERAL!F31) | G9: =IF(GENERAL!H31=0," ",GENERAL!H31) | H9: =IF(GENERAL!#REF!=0," ",GENERAL!#REF!) -> #REF! | I9: =IF(GENERAL!I31=0," ",GENERAL!I31) | J9: =IF(GENERAL!J31=0," ",GENERAL!J31) | K9: =IF(GENERAL!K31=0," ",GENERAL!K31) | L9: =IF(GENERAL!L31=0," ",GENERAL!L31) | M9: =IF(GENERAL!M31=0," ",GENERAL!M31) | N9: =IF(GENERAL!#REF!=0," ",GENERAL!#REF!) -> #REF! | O9: =IF(GENERAL!N31=0," ",GENERAL!N31) | P9: =IF(GENERAL!O31=0," ",GENERAL!O31) | Q9: =IF(GENERAL!P31=0," ",GENERAL!P31) | R9: =IF(GENERAL!Q31=0," ",GENERAL!Q31) | S9: =IF(GENERAL!R31=0," ",GENERAL!R31) | T9: =IF(GENERAL!V31=0," ",GENERAL!V31)
A10: SATELITE | B10: =IF(GENERAL!B40=0," ",GENERAL!B40) | C10: =IF(GENERAL!C40=0," ",GENERAL!C40) | D10: =IF(GENERAL!D40=0," ",GENERAL!D40) | E10: =IF(GENERAL!E40=0," ",GENERAL!E40) | F10: =IF(GENERAL!F40=0," ",GENERAL!F40) | G10: =IF(GENERAL!H40=0," ",GENERAL!H40) | H10: =IF(GENERAL!#REF!=0," ",GENERAL!#REF!) -> #REF! | I10: =IF(GENERAL!I40=0," ",GENERAL!I40) | J10: =IF(GENERAL!J40=0," ",GENERAL!J40) | K10: =IF(GENERAL!K40=0," ",GENERAL!K40) | L10: =IF(GENERAL!L40=0," ",GENERAL!L40) | M10: =IF(GENERAL!M40=0," ",GENERAL!M40) | N10: =IF(GENERAL!#REF!=0," ",GENERAL!#REF!) -> #REF! | O10: =IF(GENERAL!N40=0," ",GENERAL!N40) | P10: =IF(GENERAL!O40=0," ",GENERAL!O40) | Q10: =IF(GENERAL!P40=0," ",GENERAL!P40) | R10: =IF(GENERAL!Q40=0," ",GENERAL!Q40) | S10: =IF(GENERAL!R40=0," ",GENERAL!R40) | T10: =IF(GENERAL!V40=0," ",GENERAL!V40)
A11: SAN PEDRO MARTIR | B11: =IF(GENERAL!B41=0," ",GENERAL!B41) | C11: =IF(GENERAL!C41=0," ",GENERAL!C41) | D11: =IF(GENERAL!D41=0," ",GENERAL!D41) | E11: =IF(GENERAL!E41=0," ",GENERAL!E41) | F11: =IF(GENERAL!F41=0," ",GENERAL!F41) | G11: =IF(GENERAL!H41=0," ",GENERAL!H41) | H11: =IF(GENERAL!#REF!=0," ",GENERAL!#REF!) -> #REF! | I11: =IF(GENERAL!I41=0," ",GENERAL!I41) | J11: =IF(GENERAL!J41=0," ",GENERAL!J41) | K11: =IF(GENERAL!K41=0," ",GENERAL!K41) | L11: =IF(GENERAL!L41=0," ",GENERAL!L41) | M11: =IF(GENERAL!M41=0," ",GENERAL!M41) | N11: =IF(GENERAL!#REF!=0," ",GENERAL!#REF!) -> #REF! | O11: =IF(GENERAL!N41=0," ",GENERAL!N41) | P11: =IF(GENERAL!O41=0," ",GENERAL!O41) | Q11: =IF(GENERAL!P41=0," ",GENERAL!P41) | R11: =IF(GENERAL!Q41=0," ",GENERAL!Q41) | S11: =IF(GENERAL!R41=0," ",GENERAL!R41) | T11: =IF(GENERAL!V41=0," ",GENERAL!V41)
A12: TOTAL | B12: =SUM(B4:B11) -> 0 | C12: =SUM(C4:C11) -> 0 | D12: =SUM(D4:D11) -> 0 | E12: =SUM(E4:E11) -> 0 | F12: =SUM(F4:F11) -> 0 | G12: =SUM(G4:G11) -> 0 | H12: =SUM(H4:H11) -> #REF! | I12: =SUM(I4:I11) -> 0 | ... T12: =SUM(T4:T11) -> 0

Sheet RUTA 2
A1: =GENERAL!A1 -> 46301
A3: UNIDAD | B3: NEU23 | C3: NEU13 | D3: ROTA | E3: HEXA | F3: HB M | G3: SR | H3: HB U | I3: BCG | J3: DPT | K3: TDPA | L3: TD | M3: VAR | N3: HA U | O3: SRP | P3: INFLU1 | Q3: INFLU2 | R3: INFLU3 | S3: INFLU4 | T3: COVID
A4: JOFRITO | B4: =IF(GENERAL!B13=0," ",GENERAL!B13) | C4: =IF(GENERAL!C13=0," ",GENERAL!C13) | D4: =IF(GENERAL!D13=0," ",GENERAL!D13) | E4: =IF(GENERAL!E13=0," ",GENERAL!E13) | F4: =IF(GENERAL!F13=0," ",GENERAL!F13) | G4: =IF(GENERAL!H13=0," ",GENERAL!H13) | H4: =IF(GENERAL!#REF!=0," ",GENERAL!#REF!) -> #REF! | I4: =IF(GENERAL!I13=0," ",GENERAL!I13) | J4: =IF(GENERAL!J13=0," ",GENERAL!J13) | K4: =IF(GENERAL!K13=0," ",GENERAL!K13) | L4: =IF(GENERAL!L13=0," ",GENERAL!L13) | M4: =IF(GENERAL!M13=0," ",GENERAL!M13) | N4: =IF(GENERAL!#REF!=0," ",GENERAL!#REF!) -> #REF! | O4: =IF(GENERAL!N13=0," ",GENERAL!N13) | P4: =IF(GENERAL!O13=0," ",GENERAL!O13) | Q4: =IF(GENERAL!P13=0," ",GENERAL!P13) | R4: =IF(GENERAL!Q13=0," ",GENERAL!Q13) | S4: =IF(GENERAL!R13=0," ",GENERAL!R13) | T4: =IF(GENERAL!V13=0," ",GENERAL!V13)
A5: MONTENEGRO | B5: =IF(GENERAL!B14=0," ",GENERAL!B14) | C5: =IF(GENERAL!C14=0," ",GENERAL!C14) | D5: =IF(GENERAL!D14=0," ",GENERAL!D14) | E5: =IF(GENERAL!E14=0," ",GENERAL!E14) | F5: =IF(GENERAL!F14=0," ",GENERAL!F14) | G5: =IF(GENERAL!H14=0," ",GENERAL!H14) | H5: =IF(GENERAL!#REF!=0," ",GENERAL!#REF!) -> #REF! | I5: =IF(GENERAL!I14=0," ",GENERAL!I14) | J5: =IF(GENERAL!J14=0," ",GENERAL!J14) | K5: =IF(GENERAL!K14=0," ",GENERAL!K14) | L5: =IF(GENERAL!L14=0," ",GENERAL!L14) | M5: =IF(GENERAL!M14=0," ",GENERAL!M14) | N5: =IF(GENERAL!#REF!=0," ",GENERAL!#REF!) -> #REF! | O5: =IF(GENERAL!N14=0," ",GENERAL!N14) | P5: =IF(GENERAL!O14=0," ",GENERAL!O14) | Q5: =IF(GENERAL!P14=0," ",GENERAL!P14) | R5: =IF(GENERAL!Q14=0," ",GENERAL!Q14) | S5: =IF(GENERAL!R14=0," ",GENERAL!R14) | T5: =IF(GENERAL!V14=0," ",GENERAL!V14)
A6: PIE DE GALLO | B6: =IF(GENERAL!B15=0," ",GENERAL!B15) | C6: =IF(GENERAL!C15=0," ",GENERAL!C15) | D6: =IF(GENERAL!D15=0," ",GENERAL!D15) | E6: =IF(GENERAL!E15=0," ",GENERAL!E15) | F6: =IF(GENERAL!F15=0," ",GENERAL!F15) | G6: =IF(GENERAL!H15=0," ",GENERAL!H15) | H6: =IF(GENERAL!#REF!=0," ",GENERAL!#REF!) -> #REF! | I6: =IF(GENERAL!I15=0," ",GENERAL!I15) | J6: =IF(GENERAL!J15=0," ",GENERAL!J15) | K6: =IF(GENERAL!K15=0," ",GENERAL!K15) | L6: =IF(GENERAL!L15=0," ",GENERAL!L15) | M6: =IF(GENERAL!M15=0," ",GENERAL!M15) | N6: =IF(GENERAL!#REF!=0," ",GENERAL!#REF!) -> #REF! | O6: =IF(GENERAL!N15=0," ",GENERAL!N15) | P6: =IF(GENERAL!O15=0," ",GENERAL!O15) | Q6: =IF(GENERAL!P15=0," ",GENERAL!P15) | R6: =IF(GENERAL!Q15=0," ",GENERAL!Q15) | S6: =IF(GENERAL!R15=0," ",GENERAL!R15) | T6: =IF(GENERAL!V15=0," ",GENERAL!V15)
A7: SAN JOSE BUENAVISTA | B7: =IF(GENERAL!B16=0," ",GENERAL!B16) | C7: =IF(GENERAL!C16=0," ",GENERAL!C16) | D7: =IF(GENERAL!D16=0," ",GENERAL!D16) | E7: =IF(GENERAL!E16=0," ",GENERAL!E16) | F7: =IF(GENERAL!F16=0," ",GENERAL!F16) | G7: =IF(GENERAL!H16=0," ",GENERAL!H16) | H7: =IF(GENERAL!#REF!=0," ",GENERAL!#REF!) -> #REF! | I7: =IF(GENERAL!I16=0," ",GENERAL!I16) | J7: =IF(GENERAL!J16=0," ",GENERAL!J16) | K7: =IF(GENERAL!K16=0," ",GENERAL!K16) | L7: =IF(GENERAL!L16=0," ",GENERAL!L16) | M7: =IF(GENERAL!M16=0," ",GENERAL!M16) | N7: =IF(GENERAL!#REF!=0," ",GENERAL!#REF!) -> #REF! | O7: =IF(GENERAL!N16=0," ",GENERAL!N16) | P7: =IF(GENERAL!O16=0," ",GENERAL!O16) | Q7: =IF(GENERAL!P16=0," ",GENERAL!P16) | R7: =IF(GENERAL!Q16=0," ",GENERAL!Q16) | S7: =IF(GENERAL!R16=0," ",GENERAL!R16) | T7: =IF(GENERAL!V16=0," ",GENERAL!V16)
A8: SAN MIGUELITO | B8: =IF(GENERAL!B17=0," ",GENERAL!B17) | C8: =IF(GENERAL!C17=0," ",GENERAL!C17) | D8: =IF(GENERAL!D17=0," ",GENERAL!D17) | E8: =IF(GENERAL!E17=0," ",GENERAL!E17) | F8: =IF(GENERAL!F17=0," ",GENERAL!F17) | G8: =IF(GENERAL!H17=0," ",GENERAL!H17) | H8: =IF(GENERAL!#REF!=0," ",GENERAL!#REF!) -> #REF! | I8: =IF(GENERAL!I17=0," ",GENERAL!I17) | J8: =IF(GENERAL!J17=0," ",GENERAL!J17) | K8: =IF(GENERAL!K17=0," ",GENERAL!K17) | L8: =IF(GENERAL!L17=0," ",GENERAL!L17) | M8: =IF(GENERAL!M17=0," ",GENERAL!M17) | N8: =IF(GENERAL!#REF!=0," ",GENERAL!#REF!) -> #REF! | O8: =IF(GENERAL!N17=0," ",GENERAL!N17) | P8: =IF(GENERAL!O17=0," ",GENERAL!O17) | Q8: =IF(GENERAL!P17=0," ",GENERAL!P17) | R8: =IF(GENERAL!Q17=0," ",GENERAL!Q17) | S8: =IF(GENERAL!R17=0," ",GENERAL!R17) | T8: =IF(GENERAL!V17=0," ",GENERAL!V17)
A9: LA SOLANA | B9: =IF(GENERAL!B19=0," ",GENERAL!B19) | C9: =IF(GENERAL!C19=0," ",GENERAL!C19) | D9: =IF(GENERAL!D19=0," ",GENERAL!D19) | E9: =IF(GENERAL!E19=0," ",GENERAL!E19) | F9: =IF(GENERAL!F19=0," ",GENERAL!F19) | G9: =IF(GENERAL!H19=0," ",GENERAL!H19) | H9: =IF(GENERAL!#REF!=0," ",GENERAL!#REF!) -> #REF! | I9: =IF(GENERAL!I19=0," ",GENERAL!I19) | J9: =IF(GENERAL!J19=0," ",GENERAL!J19) | K9: =IF(GENERAL!K19=0," ",GENERAL!K19) | L9: =IF(GENERAL!L19=0," ",GENERAL!L19) | M9: =IF(GENERAL!M19=0," ",GENERAL!M19) | N9: =IF(GENERAL!#REF!=0," ",GENERAL!#REF!) -> #REF! | O9: =IF(GENERAL!N19=0," ",GENERAL!N19) | P9: =IF(GENERAL!O19=0," ",GENERAL!O19) | Q9: =IF(GENERAL!P19=0," ",GENERAL!P19) | R9: =IF(GENERAL!Q19=0," ",GENERAL!Q19) | S9: =IF(GENERAL!R19=0," ",GENERAL!R19) | T9: =IF(GENERAL!V19=0," ",GENERAL!V19)
A10: LA GOTERA | B10: =IF(GENERAL!B30=0," ",GENERAL!B30) | C10: =IF(GENERAL!C30=0," ",GENERAL!C30) | D10: =IF(GENERAL!D30=0," ",GENERAL!D30) | E10: =IF(GENERAL!E30=0," ",GENERAL!E30) | F10: =IF(GENERAL!F30=0," ",GENERAL!F30) | G10: =IF(GENERAL!H30=0," ",GENERAL!H30) | H10: =IF(GENERAL!#REF!=0," ",GENERAL!#REF!) -> #REF! | I10: =IF(GENERAL!I30=0," ",GENERAL!I30) | J10: =IF(GENERAL!J30=0," ",GENERAL!J30) | K10: =IF(GENERAL!K30=0," ",GENERAL!K30) | L10: =IF(GENERAL!L30=0," ",GENERAL!L30) | M10: =IF(GENERAL!M30=0," ",GENERAL!M30) | N10: =IF(GENERAL!#REF!=0," ",GENERAL!#REF!) -> #REF! | O10: =IF(GENERAL!N30=0," ",GENERAL!N30) | P10: =IF(GENERAL!O30=0," ",GENERAL!O30) | Q10: =IF(GENERAL!P30=0," ",GENERAL!P30) | R10: =IF(GENERAL!Q30=0," ",GENERAL!Q30) | S10: =IF(GENERAL!R30=0," ",GENERAL!R30) | T10: =IF(GENERAL!V30=0," ",GENERAL!V30)
A11: SANTA ROSA JAUREGUI | B11: =IF(GENERAL!B39=0," ",GENERAL!B39) | C11: =IF(GENERAL!C39=0," ",GENERAL!C39) | D11: =IF(GENERAL!D39=0," ",GENERAL!D39) | E11: =IF(GENERAL!E39=0," ",GENERAL!E39) | F11: =IF(GENERAL!F39=0," ",GENERAL!F39) | G11: =IF(GENERAL!H39=0," ",GENERAL!H39) | H11: =IF(GENERAL!#REF!=0," ",GENERAL!#REF!) -> #REF! | I11: =IF(GENERAL!I39=0," ",GENERAL!I39) | J11: =IF(GENERAL!J39=0," ",GENERAL!J39) | K11: =IF(GENERAL!K39=0," ",GENERAL!K39) | L11: =IF(GENERAL!L39=0," ",GENERAL!L39) | M11: =IF(GENERAL!M39=0," ",GENERAL!M39) | N11: =IF(GENERAL!#REF!=0," ",GENERAL!#REF!) -> #REF! | O11: =IF(GENERAL!N39=0," ",GENERAL!N39) | P11: =IF(GENERAL!O39=0," ",GENERAL!O39) | Q11: =IF(GENERAL!P39=0," ",GENERAL!P39) | R11: =IF(GENERAL!Q39=0," ",GENERAL!Q39) | S11: =IF(GENERAL!R39=0," ",GENERAL!R39) | T11: =IF(GENERAL!V39=0," ",GENERAL!V39)
A12: TOTAL | B12: =SUM(B4:B11) -> 0 | C12: =SUM(C4:C11) -> 0 | D12: =SUM(D4:D11) -> 0 | E12: =SUM(E4:E11) -> 0 | F12: =SUM(F4:F11) -> 0 | G12: =SUM(G4:G11) -> 0 | H12: =SUM(H4:H11) -> #REF! | I12: =SUM(I4:I11) -> 0 | ... T12: =SUM(T4:T11) -> 0

Sheet RUTA 3
A1: =GENERAL!A1 -> 46301
A3: UNIDAD | B3: NEU23 | C3: NEU13 | D3: ROTA | E3: HEXA | F3: HB M | G3: SR | H3: HB U | I3: BCG | J3: DPT | K3: TDPA | L3: TD | M3: VAR | N3: HA U | O3: SRP | P3: INFLU1 | Q3: INFLU2 | R3: INFLU3 | S3: INFLU4 | T3: COVID
A4: JURICA | B4: =IF(GENERAL!B6=0," ",GENERAL!B6) | C4: =IF(GENERAL!C6=0," ",GENERAL!C6) | D4: =IF(GENERAL!D6=0," ",GENERAL!D6) | E4: =IF(GENERAL!E6=0," ",GENERAL!E6) | F4: =IF(GENERAL!F6=0," ",GENERAL!F6) | G4: =IF(GENERAL!H6=0," ",GENERAL!H6) | H4: =IF(GENERAL!#REF!=0," ",GENERAL!#REF!) -> #REF! | I4: =IF(GENERAL!I6=0," ",GENERAL!I6) | J4: =IF(GENERAL!J6=0," ",GENERAL!J6) | K4: =IF(GENERAL!K6=0," ",GENERAL!K6) | L4: =IF(GENERAL!L6=0," ",GENERAL!L6) | M4: =IF(GENERAL!M6=0," ",GENERAL!M6) | N4: =IF(GENERAL!#REF!=0," ",GENERAL!#REF!) -> #REF! | O4: =IF(GENERAL!N6=0," ",GENERAL!N6) | P4: =IF(GENERAL!O6=0," ",GENERAL!O6) | Q4: =IF(GENERAL!P6=0," ",GENERAL!P6) | R4: =IF(GENERAL!Q6=0," ",GENERAL!Q6) | S4: =IF(GENERAL!R6=0," ",GENERAL!R6) | T4: =IF(GENERAL!V6=0," ",GENERAL!V6)
A5: SAN ANTONIO DE LA PUNTA | B5: =IF(GENERAL!B8=0," ",GENERAL!B8) | C5: =IF(GENERAL!C8=0," ",GENERAL!C8) | D5: =IF(GENERAL!D8=0," ",GENERAL!D8) | E5: =IF(GENERAL!E8=0," ",GENERAL!E8) | F5: =IF(GENERAL!F8=0," ",GENERAL!F8) | G5: =IF(GENERAL!H8=0," ",GENERAL!H8) | H5: =IF(GENERAL!#REF!=0," ",GENERAL!#REF!) -> #REF! | I5: =IF(GENERAL!I8=0," ",GENERAL!I8) | J5: =IF(GENERAL!J8=0," ",GENERAL!J8) | K5: =IF(GENERAL!K8=0," ",GENERAL!K8) | L5: =IF(GENERAL!L8=0," ",GENERAL!L8) | M5: =IF(GENERAL!M8=0," ",GENERAL!M8) | N5: =IF(GENERAL!#REF!=0," ",GENERAL!#REF!) -> #REF! | O5: =IF(GENERAL!N8=0," ",GENERAL!N8) | P5: =IF(GENERAL!O8=0," ",GENERAL!O8) | Q5: =IF(GENERAL!P8=0," ",GENERAL!P8) | R5: =IF(GENERAL!Q8=0," ",GENERAL!Q8) | S5: =IF(GENERAL!R8=0," ",GENERAL!R8) | T5: =IF(GENERAL!V8=0," ",GENERAL!V8)
A6: SAN PABLO | B6: =IF(GENERAL!B9=0," ",GENERAL!B9) | C6: =IF(GENERAL!C9=0," ",GENERAL!C9) | D6: =IF(GENERAL!D9=0," ",GENERAL!D9) | E6: =IF(GENERAL!E9=0," ",GENERAL!E9) | F6: =IF(GENERAL!F9=0," ",GENERAL!F9) | G6: =IF(GENERAL!H9=0," ",GENERAL!H9) | H6: =IF(GENERAL!#REF!=0," ",GENERAL!#REF!) -> #REF! | I6: =IF(GENERAL!I9=0," ",GENERAL!I9) | J6: =IF(GENERAL!J9=0," ",GENERAL!J9) | K6: =IF(GENERAL!K9=0," ",GENERAL!K9) | L6: =IF(GENERAL!L9=0," ",GENERAL!L9) | M6: =IF(GENERAL!M9=0," ",GENERAL!M9) | N6: =IF(GENERAL!#REF!=0," ",GENERAL!#REF!) -> #REF! | O6: =IF(GENERAL!N9=0," ",GENERAL!N9) | P6: =IF(GENERAL!O9=0," ",GENERAL!O9) | Q6: =IF(GENERAL!P9=0," ",GENERAL!P9) | R6: =IF(GENERAL!Q9=0," ",GENERAL!Q9) | S6: =IF(GENERAL!R9=0," ",GENERAL!R9) | T6: =IF(GENERAL!V9=0," ",GENERAL!V9)
A7: FELIPE CARRILLO PUERTO | B7: =IF(GENERAL!B10=0," ",GENERAL!B10) | C7: =IF(GENERAL!C10=0," ",GENERAL!C10) | D7: =IF(GENERAL!D10=0," ",GENERAL!D10) | E7: =IF(GENERAL!E10=0," ",GENERAL!E10) | F7: =IF(GENERAL!F10=0," ",GENERAL!F10) | G7: =IF(GENERAL!H10=0," ",GENERAL!H10) | H7: =IF(GENERAL!#REF!=0," ",GENERAL!#REF!) -> #REF! | I7: =IF(GENERAL!I10=0," ",GENERAL!I10) | J7: =IF(GENERAL!J10=0," ",GENERAL!J10) | K7: =IF(GENERAL!K10=0," ",GENERAL!K10) | L7: =IF(GENERAL!L10=0," ",GENERAL!L10) | M7: =IF(GENERAL!M10=0," ",GENERAL!M10) | N7: =IF(GENERAL!#REF!=0," ",GENERAL!#REF!) -> #REF! | O7: =IF(GENERAL!N10=0," ",GENERAL!N10) | P7: =IF(GENERAL!O10=0," ",GENERAL!O10) | Q7: =IF(GENERAL!P10=0," ",GENERAL!P10) | R7: =IF(GENERAL!Q10=0," ",GENERAL!Q10) | S7: =IF(GENERAL!R10=0," ",GENERAL!R10) | T7: =IF(GENERAL!V10=0," ",GENERAL!V10)
A8: SANTA MARIA MAGDALENA | B8: =IF(GENERAL!B18=0," ",GENERAL!B18) | C8: =IF(GENERAL!C18=0," ",GENERAL!C18) | D8: =IF(GENERAL!D18=0," ",GENERAL!D18) | E8: =IF(GENERAL!E18=0," ",GENERAL!E18) | F8: =IF(GENERAL!F18=0," ",GENERAL!F18) | G8: =IF(GENERAL!H18=0," ",GENERAL!H18) | H8: =IF(GENERAL!#REF!=0," ",GENERAL!#REF!) -> #REF! | I8: =IF(GENERAL!I18=0," ",GENERAL!I18) | J8: =IF(GENERAL!J18=0," ",GENERAL!J18) | K8: =IF(GENERAL!K18=0," ",GENERAL!K18) | L8: =IF(GENERAL!L18=0," ",GENERAL!L18) | M8: =IF(GENERAL!M18=0," ",GENERAL!M18) | N8: =IF(GENERAL!#REF!=0," ",GENERAL!#REF!) -> #REF! | O8: =IF(GENERAL!N18=0," ",GENERAL!N18) | P8: =IF(GENERAL!O18=0," ",GENERAL!O18) | Q8: =IF(GENERAL!P18=0," ",GENERAL!P18) | R8: =IF(GENERAL!Q18=0," ",GENERAL!Q18) | S8: =IF(GENERAL!R18=0," ",GENERAL!R18) | T8: =IF(GENERAL!V18=0," ",GENERAL!V18)
A9: TINAJA DE LA ESTANCIA | B9: =IF(GENERAL!B20=0," ",GENERAL!B20) | C9: =IF(GENERAL!C20=0," ",GENERAL!C20) | D9: =IF(GENERAL!D20=0," ",GENERAL!D20) | E9: =IF(GENERAL!E20=0," ",GENERAL!E20) | F9: =IF(GENERAL!F20=0," ",GENERAL!F20) | G9: =IF(GENERAL!H20=0," ",GENERAL!H20) | H9: =IF(GENERAL!#REF!=0," ",GENERAL!#REF!) -> #REF! | I9: =IF(GENERAL!I20=0," ",GENERAL!I20) | J9: =IF(GENERAL!J20=0," ",GENERAL!J20) | K9: =IF(GENERAL!K20=0," ",GENERAL!K20) | L9: =IF(GENERAL!L20=0," ",GENERAL!L20) | M9: =IF(GENERAL!M20=0," ",GENERAL!M20) | N9: =IF(GENERAL!#REF!=0," ",GENERAL!#REF!) -> #REF! | O9: =IF(GENERAL!N20=0," ",GENERAL!N20) | P9: =IF(GENERAL!O20=0," ",GENERAL!O20) | Q9: =IF(GENERAL!P20=0," ",GENERAL!P20) | R9: =IF(GENERAL!Q20=0," ",GENERAL!Q20) | S9: =IF(GENERAL!R20=0," ",GENERAL!R20) | T9: =IF(GENERAL!V20=0," ",GENERAL!V20)
A10: TLACOTE | B10: =IF(GENERAL!B21=0," ",GENERAL!B21) | C10: =IF(GENERAL!C21=0," ",GENERAL!C21) | D10: =IF(GENERAL!D21=0," ",GENERAL!D21) | E10: =IF(GENERAL!E21=0," ",GENERAL!E21) | F10: =IF(GENERAL!F21=0," ",GENERAL!F21) | G10: =IF(GENERAL!H21=0," ",GENERAL!H21) | H10: =IF(GENERAL!#REF!=0," ",GENERAL!#REF!) -> #REF! | I10: =IF(GENERAL!I21=0," ",GENERAL!I21) | J10: =IF(GENERAL!J21=0," ",GENERAL!J21) | K10: =IF(GENERAL!K21=0," ",GENERAL!K21) | L10: =IF(GENERAL!L21=0," ",GENERAL!L21) | M10: =IF(GENERAL!M21=0," ",GENERAL!M21) | N10: =IF(GENERAL!#REF!=0," ",GENERAL!#REF!) -> #REF! | O10: =IF(GENERAL!N21=0," ",GENERAL!N21) | P10: =IF(GENERAL!O21=0," ",GENERAL!O21) | Q10: =IF(GENERAL!P21=0," ",GENERAL!P21) | R10: =IF(GENERAL!Q21=0," ",GENERAL!Q21) | S10: =IF(GENERAL!R21=0," ",GENERAL!R21) | T10: =IF(GENERAL!V21=0," ",GENERAL!V21)
A11: LOMAS | B11: =IF(GENERAL!B42=0," ",GENERAL!B42) | C11: =IF(GENERAL!C42=0," ",GENERAL!C42) | D11: =IF(GENERAL!D42=0," ",GENERAL!D42) | E11: =IF(GENERAL!E42=0," ",GENERAL!E42) | F11: =IF(GENERAL!F42=0," ",GENERAL!F42) | G11: =IF(GENERAL!H42=0," ",GENERAL!H42) | H11: =IF(GENERAL!#REF!=0," ",GENERAL!#REF!) -> #REF! | I11: =IF(GENERAL!I42=0," ",GENERAL!I42) | J11: =IF(GENERAL!J42=0," ",GENERAL!J42) | K11: =IF(GENERAL!K42=0," ",GENERAL!K42) | L11: =IF(GENERAL!L42=0," ",GENERAL!L42) | M11: =IF(GENERAL!M42=0," ",GENERAL!M42) | N11: =IF(GENERAL!#REF!=0," ",GENERAL!#REF!) -> #REF! | O11: =IF(GENERAL!N42=0," ",GENERAL!N42) | P11: =IF(GENERAL!O42=0," ",GENERAL!O42) | Q11: =IF(GENERAL!P42=0," ",GENERAL!P42) | R11: =IF(GENERAL!Q42=0," ",GENERAL!Q42) | S11: =IF(GENERAL!R42=0," ",GENERAL!R42) | T11: =IF(GENERAL!V42=0," ",GENERAL!V42)
A12: TOTAL | B12: =SUM(B4:B11) -> 0 | C12: =SUM(C4:C11) -> 0 | D12: =SUM(D4:D11) -> 0 | E12: =SUM(E4:E11) -> 0 | F12: =SUM(F4:F11) -> 0 | G12: =SUM(G4:G11) -> 0 | H12: =SUM(H4:H11) -> #REF! | I12: =SUM(I4:I11) -> 0 | ... T12: =SUM(T4:T11) -> 0

Sheet CARAVANAS
A1: =GENERAL!A1 -> 46301
A3: UNIDAD | B3: NEU23 | C3: NEU13 | D3: ROTA | E3: HEXA | F3: HB M | G3: SR | H3: HB U | I3: BCG | J3: DPT | K3: TDPA | L3: TD | M3: VAR | N3: HA U | O3: SRP | P3: INFLU1 | Q3: INFLU2 | R3: INFLU3 | S3: INFLU4 | T3: COVID
A4: UMME UMQ | B4: =IF(GENERAL!B5=0," ",GENERAL!B5) | C4: =IF(GENERAL!C5=0," ",GENERAL!C5) | D4: =IF(GENERAL!D5=0," ",GENERAL!D5) | E4: =IF(GENERAL!E5=0," ",GENERAL!E5) | F4: =IF(GENERAL!F5=0," ",GENERAL!F5) | G4: =IF(GENERAL!H5=0," ",GENERAL!H5) | H4: =IF(GENERAL!#REF!=0," ",GENERAL!#REF!) -> #REF! | I4: =IF(GENERAL!I5=0," ",GENERAL!I5) | J4: =IF(GENERAL!J5=0," ",GENERAL!J5) | K4: =IF(GENERAL!K5=0," ",GENERAL!K5) | L4: =IF(GENERAL!L5=0," ",GENERAL!L5) | M4: =IF(GENERAL!M5=0," ",GENERAL!M5) | N4: =IF(GENERAL!#REF!=0," ",GENERAL!#REF!) -> #REF! | O4: =IF(GENERAL!N5=0," ",GENERAL!N5) | P4: =IF(GENERAL!O5=0," ",GENERAL!O5) | Q4: =IF(GENERAL!P5=0," ",GENERAL!P5) | R4: =IF(GENERAL!Q5=0," ",GENERAL!Q5) | S4: =IF(GENERAL!R5=0," ",GENERAL!R5) | T4: =IF(GENERAL!V5=0," ",GENERAL!V5)
A5: UMME LA BARRETA | B5: =IF(GENERAL!B25=0," ",GENERAL!B25) | C5: =IF(GENERAL!C25=0," ",GENERAL!C25) | D5: =IF(GENERAL!D25=0," ",GENERAL!D25) | E5: =IF(GENERAL!E25=0," ",GENERAL!E25) | F5: =IF(GENERAL!F25=0," ",GENERAL!F25) | G5: =IF(GENERAL!H25=0," ",GENERAL!H25) | H5: =IF(GENERAL!#REF!=0," ",GENERAL!#REF!) -> #REF! | I5: =IF(GENERAL!I25=0," ",GENERAL!I25) | J5: =IF(GENERAL!J25=0," ",GENERAL!J25) | K5: =IF(GENERAL!K25=0," ",GENERAL!K25) | L5: =IF(GENERAL!L25=0," ",GENERAL!L25) | M5: =IF(GENERAL!M25=0," ",GENERAL!M25) | N5: =IF(GENERAL!#REF!=0," ",GENERAL!#REF!) -> #REF! | O5: =IF(GENERAL!N25=0," ",GENERAL!N25) | P5: =IF(GENERAL!O25=0," ",GENERAL!O25) | Q5: =IF(GENERAL!P25=0," ",GENERAL!P25) | R5: =IF(GENERAL!Q25=0," ",GENERAL!Q25) | S5: =IF(GENERAL!R25=0," ",GENERAL!R25) | T5: =IF(GENERAL!V25=0," ",GENERAL!V25)
A6: UMME CERRO DE LA CRUZ | B6: =IF(GENERAL!B26=0," ",GENERAL!B26) | C6: =IF(GENERAL!C26=0," ",GENERAL!C26) | D6: =IF(GENERAL!D26=0," ",GENERAL!D26) | E6: =IF(GENERAL!E26=0," ",GENERAL!E26) | F6: =IF(GENERAL!F26=0," ",GENERAL!F26) | G6: =IF(GENERAL!H26=0," ",GENERAL!H26) | H6: =IF(GENERAL!#REF!=0," ",GENERAL!#REF!) -> #REF! | I6: =IF(GENERAL!I26=0," ",GENERAL!I26) | J6: =IF(GENERAL!J26=0," ",GENERAL!J26) | K6: =IF(GENERAL!K26=0," ",GENERAL!K26) | L6: =IF(GENERAL!L26=0," ",GENERAL!L26) | M6: =IF(GENERAL!M26=0," ",GENERAL!M26) | N6: =IF(GENERAL!#REF!=0," ",GENERAL!#REF!) -> #REF! | O6: =IF(GENERAL!N26=0," ",GENERAL!N26) | P6: =IF(GENERAL!O26=0," ",GENERAL!O26) | Q6: =IF(GENERAL!P26=0," ",GENERAL!P26) | R6: =IF(GENERAL!Q26=0," ",GENERAL!Q26) | S6: =IF(GENERAL!R26=0," ",GENERAL!R26) | T6: =IF(GENERAL!V26=0," ",GENERAL!V26)
A7: UMME LA LUZ | B7: =IF(GENERAL!B27=0," ",GENERAL!B27) | C7: =IF(GENERAL!C27=0," ",GENERAL!C27) | D7: =IF(GENERAL!D27=0," ",GENERAL!D27) | E7: =IF(GENERAL!E27=0," ",GENERAL!E27) | F7: =IF(GENERAL!F27=0," ",GENERAL!F27) | G7: =IF(GENERAL!H27=0," ",GENERAL!H27) | H7: =IF(GENERAL!#REF!=0," ",GENERAL!#REF!) -> #REF! | I7: =IF(GENERAL!I27=0," ",GENERAL!I27) | J7: =IF(GENERAL!J27=0," ",GENERAL!J27) | K7: =IF(GENERAL!K27=0," ",GENERAL!K27) | L7: =IF(GENERAL!L27=0," ",GENERAL!L27) | M7: =IF(GENERAL!M27=0," ",GENERAL!M27) | N7: =IF(GENERAL!#REF!=0," ",GENERAL!#REF!) -> #REF! | O7: =IF(GENERAL!N27=0," ",GENERAL!N27) | P7: =IF(GENERAL!O27=0," ",GENERAL!O27) | Q7: =IF(GENERAL!P27=0," ",GENERAL!P27) | R7: =IF(GENERAL!Q27=0," ",GENERAL!Q27) | S7: =IF(GENERAL!R27=0," ",GENERAL!R27) | T7: =IF(GENERAL!V27=0," ",GENERAL!V27)
A8: UMME SAN PEDRITO EL OBRAJE | B8: =IF(GENERAL!B28=0," ",GENERAL!B28) | C8: =IF(GENERAL!C28=0," ",GENERAL!C28) | D8: =IF(GENERAL!D28=0," ",GENERAL!D28) | E8: =IF(GENERAL!E28=0," ",GENERAL!E28) | F8: =IF(GENERAL!F28=0," ",GENERAL!F28) | G8: =IF(GENERAL!H28=0," ",GENERAL!H28) | H8: =IF(GENERAL!#REF!=0," ",GENERAL!#REF!) -> #REF! | I8: =IF(GENERAL!I28=0," ",GENERAL!I28) | J8: =IF(GENERAL!J28=0," ",GENERAL!J28) | K8: =IF(GENERAL!K28=0," ",GENERAL!K28) | L8: =IF(GENERAL!L28=0," ",GENERAL!L28) | M8: =IF(GENERAL!M28=0," ",GENERAL!M28) | N8: =IF(GENERAL!#REF!=0," ",GENERAL!#REF!) -> #REF! | O8: =IF(GENERAL!N28=0," ",GENERAL!N28) | P8: =IF(GENERAL!O28=0," ",GENERAL!O28) | Q8: =IF(GENERAL!P28=0," ",GENERAL!P28) | R8: =IF(GENERAL!Q28=0," ",GENERAL!Q28) | S8: =IF(GENERAL!R28=0," ",GENERAL!R28) | T8: =IF(GENERAL!V28=0," ",GENERAL!V28)
A9: UMME RANCHO LARGO | B9: =IF(GENERAL!B29=0," ",GENERAL!B29) | C9: =IF(GENERAL!C29=0," ",GENERAL!C29) | D9: =IF(GENERAL!D29=0," ",GENERAL!D29) | E9: =IF(GENERAL!E29=0," ",GENERAL!E29) | F9: =IF(GENERAL!F29=0," ",GENERAL!F29) | G9: =IF(GENERAL!H29=0," ",GENERAL!H29) | H9: =IF(GENERAL!#REF!=0," ",GENERAL!#REF!) -> #REF! | I9: =IF(GENERAL!I29=0," ",GENERAL!I29) | J9: =IF(GENERAL!J29=0," ",GENERAL!J29) | K9: =IF(GENERAL!K29=0," ",GENERAL!K29) | L9: =IF(GENERAL!L29=0," ",GENERAL!L29) | M9: =IF(GENERAL!M29=0," ",GENERAL!M29) | N9: =IF(GENERAL!#REF!=0," ",GENERAL!#REF!) -> #REF! | O9: =IF(GENERAL!N29=0," ",GENERAL!N29) | P9: =IF(GENERAL!O29=0," ",GENERAL!O29) | Q9: =IF(GENERAL!P29=0," ",GENERAL!P29) | R9: =IF(GENERAL!Q29=0," ",GENERAL!Q29) | S9: =IF(GENERAL!R29=0," ",GENERAL!R29) | T9: =IF(GENERAL!V29=0," ",GENERAL!V29)
A10: FAM SAN JOSE BUENAVISTA | B10: =IF(GENERAL!B32=0," ",GENERAL!B32) | C10: =IF(GENERAL!C32=0," ",GENERAL!C32) | D10: =IF(GENERAL!D32=0," ",GENERAL!D32) | E10: =IF(GENERAL!E32=0," ",GENERAL!E32) | F10: =IF(GENERAL!F32=0," ",GENERAL!F32) | G10: =IF(GENERAL!H32=0," ",GENERAL!H32) | H10: =IF(GENERAL!#REF!=0," ",GENERAL!#REF!) -> #REF! | I10: =IF(GENERAL!I32=0," ",GENERAL!I32) | J10: =IF(GENERAL!J32=0," ",GENERAL!J32) | K10: =IF(GENERAL!K32=0," ",GENERAL!K32) | L10: =IF(GENERAL!L32=0," ",GENERAL!L32) | M10: =IF(GENERAL!M32=0," ",GENERAL!M32) | N10: =IF(GENERAL!#REF!=0," ",GENERAL!#REF!) -> #REF! | O10: =IF(GENERAL!N32=0," ",GENERAL!N32) | P10: =IF(GENERAL!O32=0," ",GENERAL!O32) | Q10: =IF(GENERAL!P32=0," ",GENERAL!P32) | R10: =IF(GENERAL!Q32=0," ",GENERAL!Q32) | S10: =IF(GENERAL!R32=0," ",GENERAL!R32) | T10: =IF(GENERAL!V32=0," ",GENERAL!V32)
A11: FAM PEDRO ESCOBEDO | B11: =IF(GENERAL!B33=0," ",GENERAL!B33) | C11: =IF(GENERAL!C33=0," ",GENERAL!C33) | D11: =IF(GENERAL!D33=0," ",GENERAL!D33) | E11: =IF(GENERAL!E33=0," ",GENERAL!E33) | F11: =IF(GENERAL!F33=0," ",GENERAL!F33) | G11: =IF(GENERAL!H33=0," ",GENERAL!H33) | H11: =IF(GENERAL!#REF!=0," ",GENERAL!#REF!) -> #REF! | I11: =IF(GENERAL!I33=0," ",GENERAL!I33) | J11: =IF(GENERAL!J33=0," ",GENERAL!J33) | K11: =IF(GENERAL!K33=0," ",GENERAL!K33) | L11: =IF(GENERAL!L33=0," ",GENERAL!L33) | M11: =IF(GENERAL!M33=0," ",GENERAL!M33) | N11: =IF(GENERAL!#REF!=0," ",GENERAL!#REF!) -> #REF! | O11: =IF(GENERAL!N33=0," ",GENERAL!N33) | P11: =IF(GENERAL!O33=0," ",GENERAL!O33) | Q11: =IF(GENERAL!P33=0," ",GENERAL!P33) | R11: =IF(GENERAL!Q33=0," ",GENERAL!Q33) | S11: =IF(GENERAL!R33=0," ",GENERAL!R33) | T11: =IF(GENERAL!V33=0," ",GENERAL!V33)
A12: FAM PALO ALTO | B12: =IF(GENERAL!B34=0," ",GENERAL!B34) | C12: =IF(GENERAL!C34=0," ",GENERAL!C34) | D12: =IF(GENERAL!D34=0," ",GENERAL!D34) | E12: =IF(GENERAL!E34=0," ",GENERAL!E34) | F12: =IF(GENERAL!F34=0," ",GENERAL!F34) | G12: =IF(GENERAL!H34=0," ",GENERAL!H34) | H12: =IF(GENERAL!#REF!=0," ",GENERAL!#REF!) -> #REF! | I12: =IF(GENERAL!I34=0," ",GENERAL!I34) | J12: =IF(GENERAL!J34=0," ",GENERAL!J34) | K12: =IF(GENERAL!K34=0," ",GENERAL!K34) | L12: =IF(GENERAL!L34=0," ",GENERAL!L34) | M12: =IF(GENERAL!M34=0," ",GENERAL!M34) | N12: =IF(GENERAL!#REF!=0," ",GENERAL!#REF!) -> #REF! | O12: =IF(GENERAL!N34=0," ",GENERAL!N34) | P12: =IF(GENERAL!O34=0," ",GENERAL!O34) | Q12: =IF(GENERAL!P34=0," ",GENERAL!P34) | R12: =IF(GENERAL!Q34=0," ",GENERAL!Q34) | S12: =IF(GENERAL!R34=0," ",GENERAL!R34) | T12: =IF(GENERAL!V34=0," ",GENERAL!V34)
A13: UMME MF1 | B13: =IF(GENERAL!B35=0," ",GENERAL!B35) | C13: =IF(GENERAL!C35=0," ",GENERAL!C35) | D13: =IF(GENERAL!D35=0," ",GENERAL!D35) | E13: =IF(GENERAL!E35=0," ",GENERAL!E35) | F13: =IF(GENERAL!F35=0," ",GENERAL!F35) | G13: =IF(GENERAL!H35=0," ",GENERAL!H35) | H13: =IF(GENERAL!#REF!=0," ",GENERAL!#REF!) -> #REF! | I13: =IF(GENERAL!I35=0," ",GENERAL!I35) | J13: =IF(GENERAL!J35=0," ",GENERAL!J35) | K13: =IF(GENERAL!K35=0," ",GENERAL!K35) | L13: =IF(GENERAL!L35=0," ",GENERAL!L35) | M13: =IF(GENERAL!M35=0," ",GENERAL!M35) | N13: =IF(GENERAL!#REF!=0," ",GENERAL!#REF!) -> #REF! | O13: =IF(GENERAL!N35=0," ",GENERAL!N35) | P13: =IF(GENERAL!O35=0," ",GENERAL!O35) | Q13: =IF(GENERAL!P35=0," ",GENERAL!P35) | R13: =IF(GENERAL!Q35=0," ",GENERAL!Q35) | S13: =IF(GENERAL!R35=0," ",GENERAL!R35) | T13: =IF(GENERAL!V35=0," ",GENERAL!V35)
A14: UMME AMB 1 | B14: =IF(GENERAL!B36=0," ",GENERAL!B36) | C14: =IF(GENERAL!C36=0," ",GENERAL!C36) | D14: =IF(GENERAL!D36=0," ",GENERAL!D36) | E14: =IF(GENERAL!E36=0," ",GENERAL!E36) | F14: =IF(GENERAL!F36=0," ",GENERAL!F36) | G14: =IF(GENERAL!H36=0," ",GENERAL!H36) | H14: =IF(GENERAL!#REF!=0," ",GENERAL!#REF!) -> #REF! | I14: =IF(GENERAL!I36=0," ",GENERAL!I36) | J14: =IF(GENERAL!J36=0," ",GENERAL!J36) | K14: =IF(GENERAL!K36=0," ",GENERAL!K36) | L14: =IF(GENERAL!L36=0," ",GENERAL!L36) | M14: =IF(GENERAL!M36=0," ",GENERAL!M36) | N14: =IF(GENERAL!#REF!=0," ",GENERAL!#REF!) -> #REF! | O14: =IF(GENERAL!N36=0," ",GENERAL!N36) | P14: =IF(GENERAL!O36=0," ",GENERAL!O36) | Q14: =IF(GENERAL!P36=0," ",GENERAL!P36) | R14: =IF(GENERAL!Q36=0," ",GENERAL!Q36) | S14: =IF(GENERAL!R36=0," ",GENERAL!R36) | T14: =IF(GENERAL!V36=0," ",GENERAL!V36)
A15: UMME AMB 2 | B15: =IF(GENERAL!B37=0," ",GENERAL!B37) | C15: =IF(GENERAL!C37=0," ",GENERAL!C37) | D15: =IF(GENERAL!D37=0," ",GENERAL!D37) | E15: =IF(GENERAL!E37=0," ",GENERAL!E37) | F15: =IF(GENERAL!F37=0," ",GENERAL!F37) | G15: =IF(GENERAL!H37=0," ",GENERAL!H37) | H15: =IF(GENERAL!#REF!=0," ",GENERAL!#REF!) -> #REF! | I15: =IF(GENERAL!I37=0," ",GENERAL!I37) | J15: =IF(GENERAL!J37=0," ",GENERAL!J37) | K15: =IF(GENERAL!K37=0," ",GENERAL!K37) | L15: =IF(GENERAL!L37=0," ",GENERAL!L37) | M15: =IF(GENERAL!M37=0," ",GENERAL!M37) | N15: =IF(GENERAL!#REF!=0," ",GENERAL!#REF!) -> #REF! | O15: =IF(GENERAL!N37=0," ",GENERAL!N37) | P15: =IF(GENERAL!O37=0," ",GENERAL!O37) | Q15: =IF(GENERAL!P37=0," ",GENERAL!P37) | R15: =IF(GENERAL!Q37=0," ",GENERAL!Q37) | S15: =IF(GENERAL!R37=0," ",GENERAL!R37) | T15: =IF(GENERAL!V37=0," ",GENERAL!V37)
A16: UMME UMD | B16: =IF(GENERAL!B38=0," ",GENERAL!B38) | C16: =IF(GENERAL!C38=0," ",GENERAL!C38) | D16: =IF(GENERAL!D38=0," ",GENERAL!D38) | E16: =IF(GENERAL!E38=0," ",GENERAL!E38) | F16: =IF(GENERAL!F38=0," ",GENERAL!F38) | G16: =IF(GENERAL!H38=0," ",GENERAL!H38) | H16: =IF(GENERAL!#REF!=0," ",GENERAL!#REF!) -> #REF! | I16: =IF(GENERAL!I38=0," ",GENERAL!I38) | J16: =IF(GENERAL!J38=0," ",GENERAL!J38) | K16: =IF(GENERAL!K38=0," ",GENERAL!K38) | L16: =IF(GENERAL!L38=0," ",GENERAL!L38) | M16: =IF(GENERAL!M38=0," ",GENERAL!M38) | N16: =IF(GENERAL!#REF!=0," ",GENERAL!#REF!) -> #REF! | O16: =IF(GENERAL!N38=0," ",GENERAL!N38) | P16: =IF(GENERAL!O38=0," ",GENERAL!O38) | Q16: =IF(GENERAL!P38=0," ",GENERAL!P38) | R16: =IF(GENERAL!Q38=0," ",GENERAL!Q38) | S16: =IF(GENERAL!R38=0," ",GENERAL!R38) | T16: =IF(GENERAL!V38=0," ",GENERAL!V38)
A17: TOTAL | B17: =SUM(B4:B16) -> 0 | C17: =SUM(C4:C16) -> 0 | D17: =SUM(D4:D16) -> 0 | E17: =SUM(E4:E16) -> 0 | F17: =SUM(F4:F16) -> 0 | G17: =SUM(G4:G16) -> 0 | H17: =SUM(H4:H16) -> #REF! | I17: =SUM(I4:I16) -> 0 | ... S17: =SUM(S4:S16) -> 0 | T17: =SUM(T5:T16) -> 0

Sheet TOTAL
A1: =GENERAL!A1 -> 46301
A3: UNIDAD | B3: NEU23 | C3: NEU13 | D3: ROTA | E3: HEXA | F3: HB M | G3: SR | H3: HB U | I3: BCG | J3: DPT | K3: TDPA | L3: TD | M3: SRP | N3: INFLU1 | O3: INFLU2 | P3: INFLU3 | Q3: INFLU4 | R3: VPH
A4: LOMAS | B4: =IF(GENERAL!B42=0," ",GENERAL!B42) | C4: =IF(GENERAL!C42=0," ",GENERAL!C42) | D4: =IF(GENERAL!D42=0," ",GENERAL!D42) | E4: =IF(GENERAL!E42=0," ",GENERAL!E42) | F4: =IF(GENERAL!F42=0," ",GENERAL!F42) | G4: =IF(GENERAL!H42=0," ",GENERAL!H42) | H4: =IF(GENERAL!#REF!=0," ",GENERAL!#REF!) -> #REF! | I4: =IF(GENERAL!I42=0," ",GENERAL!I42) | J4: =IF(GENERAL!J42=0," ",GENERAL!J42) | K4: =IF(GENERAL!K42=0," ",GENERAL!K42) | L4: =IF(GENERAL!L42=0," ",GENERAL!L42) | M4: =IF(GENERAL!N42=0," ",GENERAL!N42) | N4: =IF(GENERAL!Q42=0," ",GENERAL!Q42) | O4: =IF(GENERAL!R42=0," ",GENERAL!R42) | P4: =IF(GENERAL!V42=0," ",GENERAL!V42) | Q4: =IF(GENERAL!#REF!=0," ",GENERAL!#REF!) -> #REF!
A5: PEDRO ESCOBEDO | B5: =IF(GENERAL!B12=0," ",GENERAL!B12) | C5: =IF(GENERAL!C12=0," ",GENERAL!C12) | D5: =IF(GENERAL!D12=0," ",GENERAL!D12) | E5: =IF(GENERAL!E12=0," ",GENERAL!E12) | F5: =IF(GENERAL!F12=0," ",GENERAL!F12) | G5: =IF(GENERAL!H12=0," ",GENERAL!H12) | H5: =IF(GENERAL!#REF!=0," ",GENERAL!#REF!) -> #REF! | I5: =IF(GENERAL!I12=0," ",GENERAL!I12) | J5: =IF(GENERAL!J12=0," ",GENERAL!J12) | K5: =IF(GENERAL!K12=0," ",GENERAL!K12) | L5: =IF(GENERAL!L12=0," ",GENERAL!L12) | M5: =IF(GENERAL!N12=0," ",GENERAL!N12) | N5: =IF(GENERAL!Q12=0," ",GENERAL!Q12) | O5: =IF(GENERAL!R12=0," ",GENERAL!R12) | P5: =IF(GENERAL!V12=0," ",GENERAL!V12) | Q5: =IF(GENERAL!#REF!=0," ",GENERAL!#REF!) -> #REF!
A6: TOTAL | B6: =SUM('RUTA 1'!B12,'RUTA 2'!B12,'RUTA 3'!B12,CARAVANAS!B17) -> 0 | C6: =SUM('RUTA 1'!C12,'RUTA 2'!C12,'RUTA 3'!C12,CARAVANAS!C17) -> 0 | D6: =SUM('RUTA 1'!D12,'RUTA 2'!D12,'RUTA 3'!D12,CARAVANAS!D17) -> 0 | E6: =SUM('RUTA 1'!E12,'RUTA 2'!E12,'RUTA 3'!E12,CARAVANAS!E17) -> 0 | F6: =SUM('RUTA 1'!F12,'RUTA 2'!F12,'RUTA 3'!F12,CARAVANAS!F17) -> 0 | G6: =SUM('RUTA 1'!G12,'RUTA 2'!G12,'RUTA 3'!G12,CARAVANAS!G17) -> 0 | H6: =SUM('RUTA 1'!H12,'RUTA 2'!H12,'RUTA 3'!H12,CARAVANAS!H17) -> #REF! | I6: =SUM('RUTA 1'!I12,'RUTA 2'!I12,'RUTA 3'!I12,CARAVANAS!I17) -> 0 | ... M6: =SUM('RUTA 1'!M12,'RUTA 2'!M12,'RUTA 3'!M12,CARAVANAS!M17) -> 0 | N6: =SUM('RUTA 1'!P12,'RUTA 2'!P12,'RUTA 3'!P12,CARAVANAS!P17,TOTAL!N4,TOTAL!N5,'RUTA 1'!P10) -> 0 | O6: =SUM('RUTA 1'!Q12,'RUTA 2'!Q12,'RUTA 3'!Q12,CARAVANAS!Q17,TOTAL!O4,TOTAL!O5,'RUTA 1'!Q10) -> 0 | P6: =SUM('RUTA 1'!R12,'RUTA 2'!R12,'RUTA 3'!R12,CARAVANAS!R17,TOTAL!P4,TOTAL!P5,'RUTA 1'!R10) -> 0 | Q6: =SUM('RUTA 1'!S12,'RUTA 2'!S12,'RUTA 3'!S12,CARAVANAS!S17,TOTAL!Q4,TOTAL!Q5,'RUTA 1'!S10) -> #REF! | R6: =SUM('RUTA 1'!T12,'RUTA 2'!T12,'RUTA 3'!T12,CARAVANAS!T17) -> 0 | S6: =SUM('RUTA 1'!#REF!,'RUTA 2'!#REF!,'RUTA 3'!#REF!,CARAVANAS!#REF!) -> #REF! | T6: =SUM('RUTA 1'!#REF!,'RUTA 2'!#REF!,'RUTA 3'!#REF!,CARAVANAS!#REF!) -> #REF!
A7: REQUISICION GENERAL | B7: 214 | C7: 990 | D7: 525 | E7: 1235 | F7: 17 | G7: 13 | I7: 27 | J7: 36 | K7: 128 | M7: 635 | N7: 3391 | O7: 0 | P7: 0 | Q7: 0
