Workbook
Name CLUES: DATOS!$D$5:$D$46
Name Print_Area: 'MOV-DE-BIOLÓGICO'!$A$1:$P$111
Name Print_Area: 'SINBA-SIS-06-P'!$A$1:$Y$121
Name Print_Area: 'SIS-SS-IE Mensual'!$A$1:$L$60
Name Print_Titles: 'SIS-SS-IE Mensual'!$B:$E
Name UNIDADES: DATOS!$C$5:$C$46

Sheet ÍNDICE
S3: =IFERROR(VLOOKUP(T3,DATOS!K81:L92,2,0)," ") -> 31 | T3: =IFERROR(VLOOKUP(ÍNDICE!O4,DATOS!J81:K92,2,0)," ") -> 08 | U3: =TODAY() -> 46266
B4: QUERÉTARO | C4: LOMAS DE CASA BLANCA | G4: =IFERROR(VLOOKUP(C4,DATOS!G12:H88,2,0)," ") -> QTSSA012982 | J4: LE. ANA MELISSA SALAZAR SERRANO | O4: AGOSTO | S4: DÍA | T4: MES | U4: AÑO

Sheet DATOS
B2: MUNICIPIO | C2: UNIDAD | D2: CLUE | F2: Municipios
C3: HOSPITAL DE ESPECIALIDADES | D3: QTSSA001740 | F3: QUERÉTARO
C4: HOSPITAL GENERAL DE QUERÉTARO | D4: QTSSA002901 | F4: MARQUÉS
B5: QUERETARO | C5: UMME QUERETARO | D5: QTSSA001764 | F5: CORREGIDORA | G5: Jurisdicción Sanitaria #1 Querétaro | I5: ENERO | K5: 2018
C6: JURICA | D6: QTSSA001793 | F6: HUIMILPAN | G6: Jurisdicción Sanitaria #2 San Juan del Río | I6: FEBRERO | K6: 2019
C7: MENCHACA | D7: QTSSA001810 | G7: Jurisdicción Sanitaria #3 Cadereyta | I7: MARZO | K7: 2020
C8: SAN ANTONIO DE LA PUNTA | D8: QTSSA001822 | G8: Jurisdicción Sanitaria #4 Jalpan | I8: ABRIL | K8: 2021
C9: SAN PABLO | D9: QTSSA001834 | I9: MAYO | K9: 2022
C10: FELIPE CARRILLO PUERTO | D10: QTSSA001846 | I10: JUNIO | K10: 2023
C11: LOMA BONITA | D11: QTSSA001851 | G11: UNIDAD | H11: CLUE | I11: JULIO | K11: 2024
C12: PEDRO ESCOBEDO | D12: QTSSA001863 | G12: HOSPITAL DE ESPECIALIDADES | H12: QTSSA001740 | I12: AGOSTO | K12: 2025
C13: JOFRITO | D13: QTSSA001904 | G13: HOSPITAL GENERAL DE QUERÉTARO | H13: QTSSA002901 | I13: SEPTIEMBRE | K13: 2026
C14: MONTENEGRO | D14: QTSSA001916 | G14: UMME QUERETARO | H14: QTSSA001764 | I14: OCTUBRE | K14: 2027
C15: PIE DE GALLO | D15: QTSSA001921 | G15: JURICA | H15: QTSSA001793 | I15: NOVIEMBRE | K15: 2028
C16: SAN JOSÉ BUENAVISTA | D16: QTSSA001945 | G16: MENCHACA | H16: QTSSA001810 | I16: DICIEMBRE | K16: 2029
C17: SAN MIGUELITO | D17: QTSSA001962 | G17: SAN ANTONIO DE LA PUNTA | H17: QTSSA001822 | K17: 2030
C18: SANTA MARÍA MAGDALENA | D18: QTSSA001974 | G18: SAN PABLO | H18: QTSSA001834 | K18: 2031
C19: LA SOLANA | D19: QTSSA002003 | G19: FELIPE CARRILLO PUERTO | H19: QTSSA001846 | K19: 2032
C20: TINAJA DE LA ESTANCIA | D20: QTSSA002015 | G20: LOMA BONITA | H20: QTSSA001851 | K20: 2033
C21: LÁZARO CÁRDENAS | D21: QTSSA002522 | G21: PEDRO ESCOBEDO | H21: QTSSA001863 | K21: 2034
C22: SAN PEDRITO PEÑUELAS | D22: QTSSA002534 | G22: JOFRITO | H22: QTSSA001904 | K22: 2035
C23: CEREDI LOMAS DE CASA BLANCA | D23: QTSSA002621 | G23: MONTENEGRO | H23: QTSSA001916 | K23: 2036
C24: MENCHACA NORTE | D24: QTSSA002703 | G24: PIE DE GALLO | H24: QTSSA001921 | K24: 2037
C25: UMME LA BARRETA | D25: QTSSA003544 | G25: SAN JOSÉ BUENAVISTA | H25: QTSSA001945 | K25: 2038
C26: UMME CERRO DE LA CRUZ | D26: QTSSA003553 | G26: SAN MIGUELITO | H26: QTSSA001962
C27: UMME LA LUZ | D27: QTSSA003562 | G27: SANTA MARÍA MAGDALENA | H27: QTSSA001974 | K27: 2039
C28: UMME SAN PEDRITO | D28: QTSSA003595 | G28: LA SOLANA | H28: QTSSA002003 | K28: 2040
C29: UMME RANCHO LARGO | D29: QTSSA003604 | G29: TINAJA DE LA ESTANCIA | H29: QTSSA002015 | K29: 2041
C30: LA GOTERA | D30: QTSSA003715 | G30: LÁZARO CÁRDENAS | H30: QTSSA002522 | K30: 2042
C31: SAN JOSÉ EL ALTO | D31: QTSSA012240 | G31: SAN PEDRITO PEÑUELAS | H31: QTSSA002534 | K31: 2043
C32: FAM SAN JOSE BUENAVISTA | D32: QTSSA012276 | G32: CEREDI LOMAS DE CASA BLANCA | H32: QTSSA002621 | K32: 2044
C33: FAM PEDRO ESCOBEDO | D33: QTSSA012281 | G33: MENCHACA NORTE | H33: QTSSA002703 | K33: 2045
C34: FAM EL MARQUES 2 (QUERETARO) | D34: QTSSA012544 | G34: NUEVO HOSPITAL GENERAL DE QUERÉTARO | H34: QTSSA002901 | K34: 2046
C35: UMME MF1 | D35: QTSSA012556 | G35: UMME LA BARRETA | H35: QTSSA003544 | K35: 2047
C36: UMME AMBULANCIA 1 | D36: QTSSA012561 | G36: UMME CERRO DE LA CRUZ | H36: QTSSA003553 | K36: 2048
C37: UMME AMBULANCIA 2 | D37: QTSSA012585 | G37: UMME LA LUZ | H37: QTSSA003562 | K37: 2049
C38: UMME MEDICO DENTAL | D38: QTSSA012631 | G38: UMME SAN PEDRITO | H38: QTSSA003595 | K38: 2050
... C44: TLACOTE EL BAJO | D44: QTSSA013034 | G44: FAM EL MARQUES 2 (QUERETARO) | H44: QTSSA012544 | K44: 2056
G45: UMME MF1 | H45: QTSSA012556 | K45: 2057
G46: UMME AMBULANCIA 1 | H46: QTSSA012561
C47: UNIDAD | D47: CLUE | G47: UMME AMBULANCIA 2 | H47: QTSSA012585
C48: LA CAÑADA | D48: QTSSA001315 | G48: UMME MEDICO DENTAL | H48: QTSSA012631
C49: AMAZCALA | D49: QTSSA001332 | G49: SANTA ROSA JAUREGUI | H49: QTSSA012655
C50: ATONGO | D50: QTSSA001344 | G50: SATELITE | H50: QTSSA012923
C51: SAN MIGUEL LÁZARO CÁRDENAS | D51: QTSSA001356 | G51: UMME AMBULANCIA 3 | H51: QTSSA012964
C52: LA GRIEGA | D52: QTSSA001390 | G52: SAN PEDRO MARTIR | H52: QTSSA012976
C53: JESÚS MARÍA | D53: QTSSA001402 | G53: LOMAS DE CASA BLANCA | H53: QTSSA012982
C54: PALO ALTO | D54: QTSSA001426 | G54: TLACOTE EL BAJO | H54: QTSSA013034
C55: EL PARAISO | D55: QTSSA001431 | G55: LA CAÑADA | H55: QTSSA001315
C56: SAN ISIDRO MIRANDA | D56: QTSSA001933 | G56: AMAZCALA | H56: QTSSA001332
C57: CHICHIMEQUILLAS | D57: QTSSA003571 | G57: ATONGO | H57: QTSSA001344
C58: NAVAJAS | D58: QTSSA003580 | G58: SAN MIGUEL LÁZARO CÁRDENAS | H58: QTSSA001356
... C61: LA PIEDAD | D61: QTSSA012940 | G61: PALO ALTO | H61: QTSSA001426
G62: EL PARAISO | H62: QTSSA001431
C63: UNIDAD | D63: CLUE | G63: SAN ISIDRO MIRANDA | H63: QTSSA001933
C64: SANTA BARBARA | D64: QTSSA000830 | G64: CHICHIMEQUILLAS | H64: QTSSA003571
C65: LOS ÁNGELES | D65: QTSSA000842 | G65: NAVAJAS | H65: QTSSA003580
C66: JOAQUIN HERRERA ( LA CUEVA ) | D66: QTSSA000854 | G66: FAM CHICHIMEQUILLAS | H66: QTSSA012264
C67: LOS OLVERA | D67: QTSSA000866 | G67: ALFAJAYUCAN | H67: QTSSA012643
C68: SAN JOSÉ DE LOS OLVERA | D68: QTSSA000883 | G68: LA PIEDAD | H68: QTSSA012940
C69: PRESA DE BRAVO | D69: QTSSA003640 | G69: SANTA BARBARA | H69: QTSSA000830
C70: LA NEGRETA | D70: QTSSA012252 | G70: LOS ÁNGELES | H70: QTSSA000842
C71: FAM. EL MARQUES I (CORREGIDORA) | D71: QTSSA012532 | G71: JOAQUIN HERRERA ( LA CUEVA ) | H71: QTSSA000854
C72: EMILIANO ZAPATA | D72: QTSSA012602 | G72: LOS OLVERA | H72: QTSSA000866
G73: SAN JOSÉ DE LOS OLVERA | H73: QTSSA000883
C74: UNIDAD | D74: CLUE | G74: PRESA DE BRAVO | H74: QTSSA003640
C75: HUIMILPAN | D75: QTSSA000953 | G75: LA NEGRETA | H75: QTSSA012252
C76: APAPATARO | D76: QTSSA000970 | G76: FAM. EL MARQUES I (CORREGIDORA) | H76: QTSSA012532
C77: CEJA DE BRAVO | D77: QTSSA000994 | G77: EMILIANO ZAPATA | H77: QTSSA012602
C78: LOS CUES | D78: QTSSA001006 | G78: HUIMILPAN | H78: QTSSA000953
C79: LAGUNILLAS | D79: QTSSA001011 | G79: APAPATARO | H79: QTSSA000970
C80: EL MILAGRO | D80: QTSSA001023 | G80: CEJA DE BRAVO | H80: QTSSA000994
C81: LA NORIA | D81: QTSSA001035 | G81: LOS CUES | H81: QTSSA001006 | J81: ENERO | K81: 01 | L81: 31
C82: SAN PEDRO HUIMILPAN | D82: QTSSA001040 | G82: LAGUNILLAS | H82: QTSSA001011 | J82: FEBRERO | K82: 02 | L82: 28
C83: UMME EL VEGIL | D83: QTSSA003535 | G83: EL MILAGRO | H83: QTSSA001023 | J83: MARZO | K83: 03 | L83: 31
C84: BUENAVISTA | D84: QTSSA003700 | G84: LA NORIA | H84: QTSSA001035 | J84: ABRIL | K84: 04 | L84: 30
C85: UMME MEDICO FARMACIA 2 | D85: QTSSA012573 | G85: SAN PEDRO HUIMILPAN | H85: QTSSA001040 | J85: MAYO | K85: 05 | L85: 31
G86: UMME EL VEGIL | H86: QTSSA003535 | J86: JUNIO | K86: 06 | L86: 30
G87: BUENAVISTA | H87: QTSSA003700 | J87: JULIO | K87: 07 | L87: 31
G88: UMME MEDICO FARMACIA 2 | H88: QTSSA012573 | J88: AGOSTO | K88: 08 | L88: 31
J89: SEPTIEMBRE | K89: 09 | L89: 30
J90: OCTUBRE | K90: 10 | L90: 31
J91: NOVIEMBRE | K91: 11 | L91: 30
J92: DICIEMBRE | K92: 12 | L92: 31
E94: HOSPITAL DE ESPECIALIDADES | F94: COLINAS EL CIMATARIO
E95: HOSPITAL GENERAL DE QUERÉTARO | F95: LA JOYA
E96: UMME QUERETARO | F96: VISTA ALEGRE 2A SECCION
E97: JURICA | F97: JURICA PUEBLO
E98: MENCHACA | F98: MENCHACA I
E99: SAN ANTONIO DE LA PUNTA | F99: LAS TERESAS
E100: SAN PABLO | F100: SAN PABLO
E101: FELIPE CARRILLO PUERTO | F101: EL PROGRESO
E102: LOMA BONITA | F102: SATÉLITE
E103: PEDRO ESCOBEDO | F103: CENTRO
E104: JOFRITO | F104: JOFRITO
E105: MONTENEGRO | F105: MONTENEGRO
... E168: UMME MEDICO FARMACIA 2 | F168: VISTA ALEGRE 2A SECCION

Sheet SINBA-SIS-06-P
B1: REGISTRO DE APLICACIÓN DE BIOLÓGICOS PRIMERA PARTE | Y1: SINBA-SIS-06-P
Y2: SIS-2026
V3: =IFERROR(VLOOKUP(W3,DATOS!K81:L92,2,0)," ") -> 31 | W3: =IFERROR(VLOOKUP(ÍNDICE!O4,DATOS!J81:K92,2,0)," ") -> 08 | X3: =TODAY() -> 46266
V4: DÍA | W4: MES | X4: AÑO
A5: UNIDAD: | B5: CLUES: | D5: JURISDICCIÓN SANITARIA O DISTRITO SANITARIO: | H5: LOCALIDAD: | L5: NOMBRE DE LA PERSONA RESPONSABLE:
A6: =IF(ÍNDICE!C4=0," ",ÍNDICE!C4) -> LOMAS DE CASA BLANCA | B6: =IF(ÍNDICE!G4=0," ",ÍNDICE!G4) -> QTSSA012982 | D6: JURISDICCIÓN SANITARIA 1, QUERÉTARO | H6: =IFERROR(VLOOKUP(ÍNDICE!C4,DATOS!E94:F168,2,0)," ") -> REFORMA AGRARIA 1RA SECCIÓN | L6: =IF(ÍNDICE!J4=0," ",ÍNDICE!J4) -> LE. ANA MELISSA SALAZAR SERRANO
A8: BIOLÓGICO | B8: DOSIS / GRUPO POBLACIONAL | D8: REGISTRO DE DOSIS APLICADAS | V8: AFRO AMERICANOS | W8: INDÍGENAS | X8: MIGRANTES | Y8: TOTAL (INCLUYE AFROAMERICANOS, INDÍGENAS Y MIGRANTES)
D9: RECIEN NACIDO | G9: 29 días-3 meses | H9: 4-6 meses | I9: 7-11 meses | J9: 12-17 meses | K9: 18 meses | L9: 19-23 meses | M9: 2 años | N9: 3 años | O9: 4 años | P9: 5 años | Q9: 6 años | R9: 7 años | S9: 8 años | T9: 9 años | U9: 10 a 13 años
D10: Primeras 24 hrs | E10: 2 -7 días | F10: 8-28 días
A11: BCG | B11: RECIÉN NACIDO (PRIMERAS 24 HORAS) | C11: ÚNICA | Y11: 4
B12: RECIÉN NACIDO (DE 2 A 28 DÍAS) | C12: ÚNICA | Y12: 21
B13: 29 DÍAS A 11 MESES | C13: ÚNICA | Y13: 1
B14: 1 A 4 AÑOS | C14: ÚNICA
B15: 5 A 13 AÑOS | C15: ÚNICA | D15: EXCEPCIONALMENTE HASTA LOS 13 AÑOS, 11 MESES, 29 DÍAS.
A16: HEPATITIS B | B16: ÚNICA | Y16: 14
B17: MAYORES DE 11 AÑOS (SIN ANTECEDENTE VACUNAL) | C17: PRIMERA | Y17: 5
C18: SEGUNDA
B19: POBLACIÓN EN RIESGO | C19: PRIMERA | Y19: 3
C20: SEGUNDA | Y20: 2
B21: PERSONAL DE SALUD | C21: PRIMERA
C22: SEGUNDA
A23: HEXAVALENTE ACELULAR DPaT + IPV + Hib + HB | B23: PRIMERA 2 A 11 MESES | Y23: 48
B24: SEGUNDA 4 A 11 MESES | Y24: 44
B25: TERCERA 6 A 11 MESES | Y25: 45
B26: REFUERZO 18 A 23 MESES | Y26: 30
B27: PARA INICIAR O COMPLETAR ESQUEMA 1 A 4 AÑOS | C27: PRIMERA | D27: PARA INICIAR O COMPLETAR ESQUEMA 1 A 4 AÑOS | P27: APLICACIÓN HASTA 59 MESES, 29 DÍAS DE EDAD | Y27: 2
C28: SEGUNDA | Y28: 1
C29: TERCERA | Y29: 5
C30: REFUERZO | Y30: 14
A31: DPT | B31: ÚNICA (4 AÑOS) | Y31: 15
B32: PARA INICIAR O COMPLETAR ESQUEMA 5 A 6 AÑOS | C32: ÚNICA | D32: APLICACIÓN HASTA 6 AÑOS, 11 MESES Y 29 DÍAS | Y32: 6
A33: ROTAVIRUS RV1 | B33: PRIMERA 2 MESES | Y33: 45
B34: SEGUNDA 4 MESES | Y34: 42
B35: PARA INICIAR O COMPLETAR ESQUEMAS | C35: PRIMERA 3 A 7 MESES | J35: APLICACIÓN HASTA 7 MESES, 29 DÍAS DE EDAD | Y35: 1
C36: SEGUNDA 5 A 7 MESES
A37: NEUMOCÓCICA CONJUGADA (13 VALENTE) | B37: PRIMERA 2 A 11 MESES | Y37: 50
B38: SEGUNDA 4 A 11 MESES | Y38: 42
B39: TERCERA 12 A 23 MESES | D39: APLICACIÓN A PARTIR DE 12 MESES DE EDAD | Y39: 40
B40: PARA INICIAR O COMPLETAR ESQUEMA 1 A 4 AÑOS | C40: PRIMERA | D40: PARA INICIAR O COMPLETAR ESQUEMA 1 A 4 AÑOS | Y40: 3
C41: SEGUNDA | Y41: 2
C42: TERCERA | Y42: 2
B43: ÚNICA PERSONAS DE 60 AÑOS Y MÁS | Y43: 1
A44: NEUMOCÓCICA CONJUGADA (20 VALENTE) | B44: PRIMERA 2 A 11 MESES
B45: SEGUNDA 4 A 11 MESES
B46: TERCERA 12 A 23 MESES | D46: APLICACIÓN A PARTIR DE 12 MESES DE EDAD
B47: PARA INICIAR O COMPLETAR ESQUEMA 1 A 4 AÑOS | C47: PRIMERA | D47: PARA INICIAR O COMPLETAR ESQUEMA 1 A 4 AÑOS
C48: SEGUNDA
C49: TERCERA
B50: ÚNICA PERSONAS DE 60 AÑOS Y MÁS
A51: S R P TRIPLE VIRAL | B51: PRIMERA 12 MESES | Y51: 49
B52: SEGUNDA 18 MESES | Y52: 27
B53: PARA INICIAR O COMPLETAR ESQUEMA | C53: PRIMERA 17 MESES A 9 AÑOS | D53: PARA INICIAR O COMPLETAR ESQUEMA HASTA LOS 9 AÑOS, 11 MESES, 29 DÍAS. | Y53: 5
C54: SEGUNDA 2 A 9 AÑOS | Y54: 33
A55: SR DOBLE VIRAL | B55: ADICIONAL 6 A 11 MESES | D55: APLICACIÓN A PARTIR DE LOS 6 MESES | Y55: 26
B56: ADICIONAL 1 A 4 AÑOS | D56: APLICACIÓN DE 1 A 4 AÑOS (CAMPAÑA DE PUESTA AL DÍA Y DE SEGUIMIENTO)
B57: PARA INICIAR O COMPLETAR ESQUEMA | C57: 10 A 19 AÑOS | Y57: 1
C58: 20 A 39 AÑOS | Y58: 1
C59: 40 A 49 AÑOS
C60: PERSONAL DE SALUD
C61: PERSONAL EDUCATIVO
C62: JORNALEROS AGRÍCOLAS
A63: VARICELA* | B63: ÚNICA 1 AÑO
B64: REZAGOS DE 2 A 4 AÑOS
A65: HEPATITIS A | B65: ÚNICA 18 MESES | Y65: 6
B66: REZAGOS DE 2 A 4 AÑOS
B67: POBLACIÓN EN RIESGO
B68: REGISTRO DE APLICACIÓN DE BIOLÓGICOS SEGUNDA PARTE | Y68: SINBA-SIS-06-P
Y69: SIS-2026
V70: =IFERROR(VLOOKUP(W3,DATOS!K81:L92,2,0)," ") -> 31 | W70: =IFERROR(VLOOKUP(ÍNDICE!O4,DATOS!J81:K92,2,0)," ") -> 08 | X70: =TODAY() -> 46266
V71: DÍA | W71: MES | X71: AÑO
A72: UNIDAD: | B72: CLUES: | D72: JURISDICCIÓN SANITARIA O DISTRITO SANITARIO: | H72: LOCALIDAD: | L72: NOMBRE DE LA PERSONA RESPONSABLE:
A73: =IF(ÍNDICE!C4=0," ",ÍNDICE!C4) -> LOMAS DE CASA BLANCA | B73: =IF(ÍNDICE!G4=0," ",ÍNDICE!G4) -> QTSSA012982 | D73: JURISDICCIÓN SANITARIA 1, QUERÉTARO | H73: =IFERROR(VLOOKUP(ÍNDICE!C4,DATOS!E94:F168,2,0)," ") -> REFORMA AGRARIA 1RA SECCIÓN | L73: =IF(ÍNDICE!J4=0," ",ÍNDICE!J4) -> LE. ANA MELISSA SALAZAR SERRANO
A74: BIOLÓGICO | B74: DOSIS / GRUPO POBLACIONAL | E74: REGISTRO DE DOSIS APLICADAS | V74: MIGRANTES | Y74: TOTAL (INCLUYE MIGRANTES)
A75: VPH | B75: PERSONAS DE QUINTO AÑO DE PRIMARIA Y DE 11 AÑOS NO ESCOLARIZADASa | D75: ÚNICA | Y75: 2
B76: MUJERES ADOLESCENTES DE 12 A 16 AÑOS (REZAGADAS)b | D76: ÚNICA
B77: NIÑAS Y/O MUJERES ADOLESCENTES VÍCTIMAS DE VIOLACIÓN SEXUALb | D77: ÚNICA 9 A 14 AÑOS
D78: ÚNICA 15 A 19 AÑOS
B79: PERSONAS DE 11 A 49 AÑOS QUE VIVEN CON VIH | D79: PRIMERA
D80: SEGUNDA
D81: TERCERA
A82: Td TETÁNICO DIFTÉRICO | B82: EMBARAZADAS | C82: PRIMERA | D82: 10 A 19 AÑOS
D83: 20 Y MÁS AÑOS
C84: SEGUNDA | D84: 10 A 19 AÑOS
D85: 20 Y MÁS AÑOS
C86: TERCERA | D86: 10 A 19 AÑOS
D87: 20 Y MÁS AÑOS
C88: REFUERZO | D88: 10 A 19 AÑOS
D89: 20 Y MÁS AÑOS
B90: POBLACIÓN | C90: PRIMERA | D90: 15 A 19 AÑOS | Y90: 3
D91: 20 A 59 AÑOS | Y91: 4
D92: 60 Y MÁS AÑOS | Y92: 1
C93: SEGUNDA (1 A 2 MESES DESPUÉS DE LA PRIMERA DOSIS) | D93: 15 A 19 AÑOS | Y93: 1
D94: 20 A 59 AÑOS | Y94: 1
D95: 60 Y MÁS AÑOS
C96: TERCERA (1 AÑO DESPUÉS DE LA SEGUNDA DOSIS) | D96: 15 A 19 AÑOS
D97: 20 A 59 AÑOS
D98: 60 Y MÁS AÑOS
C99: REFUERZO (CADA 10 AÑOS, HASTA COMPLETAR 5 DOSIS) | D99: 15 A 19 AÑOS | Y99: 15
D100: 20 A 59 AÑOS | Y100: 20
D101: 60 Y MÁS AÑOS | Y101: 6
...

Sheet MOV-DE-BIOLÓGICO
A1: Anverso
A2: SERVICIOS DE SALUD DEL ESTADO DE QUERÉTARO
A3: CENTRO NACIONAL PARA LA SALUD DE LA INFANCIA Y ADOLESCENCIA
A4: INFORME MENSUAL DE MOVIMIENTO DE BIOLOGICO
A5: 1. Identificación: JURISDICCION SANITARIA N° 1 | K5: MES QUE SE REPORTA: | N5: =IF(ÍNDICE!O4=0," ",ÍNDICE!O4) -> AGOSTO
A6: Entidad Federativa: QUERÉTARO
A7: Fecha del corte: | B7: DIA: | C7: =IF(ÍNDICE!S3=0," ",ÍNDICE!S3) -> 31 | E7: MES: | F7: =N5 -> AGOSTO | H7: AÑO: | I7: =IF(ÍNDICE!U3=0," ",ÍNDICE!U3) -> 46266 | K7: UNIDAD DE SALUD: | N7: =IF(ÍNDICE!C4=0," ",ÍNDICE!C4) -> LOMAS DE CASA BLANCA
A8: Responsable de la Elaboración del Informe: | D8: =IF(ÍNDICE!J4=0," ",ÍNDICE!J4) -> LE. ANA MELISSA SALAZAR SERRANO
A9: Movimiento de Biológico
A10: Biológico | B10: Existencia Anterior en FRASCOS | E10: FRASCOS recibidos SOLO CON FORMATO DE REQUISICIÓN de biológico | H10: DOSIS Aplicadas | K10: DOSIS Desechadas | N10: Existencia final al corte del informe en FRASCOS | Q10: Observaciones
B12: Cantidad | C12: Lote | D12: Caducidad | E12: Cantidad | F12: Lote | G12: Caducidad | N12: Cantidad | O12: Lote | P12: Caducidad
A13: B.C.G. frasco multidosis | B13: 3 | C13: 0374MA108 | D13: 46447 | E13: 20 | F13: 0374MA108 | G13: 46447 | H13: 26 | K13: 94 | N13: =IF((((B13+E13)*10)-(H13+K13))/10=0," ",(((B13+E13)*10)-(H13+K13))/10) -> 11 | O13: 0374MA108 | P13: 46447
N14: =IF((((B14+E14)*10)-(H14+K14))/10=0," ",(((B14+E14)*10)-(H14+K14))/10) | O14: =IF(F14=0," ",F14) | P14: =IF(G14=0," ",G14)
N15: =IF((((B15+E15)*10)-(H15+K15))/10=0," ",(((B15+E15)*10)-(H15+K15))/10) | O15: =IF(F15=0," ",F15) | P15: =IF(G15=0," ",G15)
A16: A.R.F. En dictamen o canje | N16: =IF((((B16+E16)*10)-(H16+K16))/10=0," ",(((B16+E16)*10)-(H16+K16))/10) | O16: =IF(F16=0," ",F16) | P16: =IF(G16=0," ",G16)
N17: =IF((((B17+E17)*10)-(H17+K17))/10=0," ",(((B17+E17)*10)-(H17+K17))/10) | O17: =IF(F17=0," ",F17) | P17: =IF(G17=0," ",G17)
A18: Total | B18: =IF(SUM(B13:B17)=0," ",SUM(B13:B17)) -> 3 | E18: =IF(SUM(E13:E17)=0," ",SUM(E13:E17)) -> 20 | H18: =IF(SUM('SINBA-SIS-06-P'!Y11:Y15)=0," ",SUM('SINBA-SIS-06-P'!Y11:Y15)) -> 26 | K18: =IF(SUM(K13:M17)=0," ",SUM(K13:M17)) -> 94 | N18: =IF(SUM(N13:N17)=0," ",SUM(N13:N17)) -> 11
A19: Hepatitis "B" frasco multidosis | B19: 9.2 | C19: 2526250606 | D19: 46905 | H19: 14 | I19: 10 | J19: =(((H19/2)+(I19))) -> 17 | M19: =(((K19/2)+(L19))) -> 0 | N19: =IFERROR(IF((((B19+E19)*10)-(J19+M19))/10=0," ",(((B19+E19)*10)-(J19+M19))/10)," ") -> 7.5 | O19: 2526250606 | P19: 46905
J20: =(((H20/2)+(I20))) -> 0 | M20: =(((K20/2)+(L20))) -> 0 | N20: =IFERROR(IF((((B20+E20)*10)-(J20+M20))/10=0," ",(((B20+E20)*10)-(J20+M20))/10)," ") | O20: =IF(F20=0," ",F20) | P20: =IF(G20=0," ",G20)
J21: =(((H21/2)+(I21))) -> 0 | M21: =(((K21/2)+(L21))) -> 0 | N21: =IFERROR(IF((((B21+E21)*10)-(J21+M21))/10=0," ",(((B21+E21)*10)-(J21+M21))/10)," ") | O21: =IF(F21=0," ",F21) | P21: =IF(G21=0," ",G21)
A22: A.R.F. En dictamen o canje | J22: =(((H22/2)+(I22))) -> 0 | M22: =(((K22/2)+(L22))) -> 0 | N22: =IFERROR(IF((((B22+E22)*10)-(J22+M22))/10=0," ",(((B22+E22)*10)-(J22+M22))/10)," ") | O22: =IF(F22=0," ",F22) | P22: =IF(G22=0," ",G22)
J23: =(((H23/2)+(I23))) -> 0 | M23: =(((K23/2)+(L23))) -> 0 | N23: =IFERROR(IF((((B23+E23)*10)-(J23+M23))/10=0," ",(((B23+E23)*10)-(J23+M23))/10)," ") | O23: =IF(F23=0," ",F23) | P23: =IF(G23=0," ",G23)
A24: Total | B24: =IF(SUM(B19:B23)=0," ",SUM(B19:B23)) -> 9.2 | E24: =IF(SUM(E19:E23)=0," ",SUM(E19:E23)) | H24: =IF((('SINBA-SIS-06-P'!Y16)/2+(SUM('SINBA-SIS-06-P'!Y17:Y22)))=0," ",(('SINBA-SIS-06-P'!Y16)/2+(SUM('SINBA-SIS-06-P'!Y17:Y22)))) -> 17 | K24: =IF(SUM(M19:M23)=0," ",SUM(M19:M23)) | N24: =IF(SUM(N19:N23)=0," ",SUM(N19:N23)) -> 7.5
A25: Hexavalente frasco unidosis | B25: 165 | C25: Y3A532V | D25: 46661 | E25: 100 | F25: Y3A532V | G25: 46661 | H25: 189 | N25: =IF(((B25+E25)-(H25+K25))=0," ",((B25+E25)-(H25+K25))) -> 76 | O25: Y3A532V | P25: 46661
N26: =IF(((B26+E26)-(H26+K26))=0," ",((B26+E26)-(H26+K26))) | O26: =IF(F26=0," ",F26) | P26: =IF(G26=0," ",G26)
N27: =IF(((B27+E27)-(H27+K27))=0," ",((B27+E27)-(H27+K27))) | O27: =IF(F27=0," ",F27) | P27: =IF(G27=0," ",G27)
A28: A.R.F. En dictamen o canje | N28: =IF(((B28+E28)-(H28+K28))=0," ",((B28+E28)-(H28+K28))) | O28: =IF(F28=0," ",F28) | P28: =IF(G28=0," ",G28)
N29: =IF(((B29+E29)-(H29+K29))=0," ",((B29+E29)-(H29+K29))) | O29: =IF(F29=0," ",F29) | P29: =IF(G29=0," ",G29)
A30: Total | B30: =IF(SUM(B25:B29)=0," ",SUM(B25:B29)) -> 165 | E30: =IF(SUM(E25:E29)=0," ",SUM(E25:E29)) -> 100 | H30: =IF(SUM('SINBA-SIS-06-P'!Y23:Y30)=0," ",SUM('SINBA-SIS-06-P'!Y23:Y30)) -> 189 | K30: =IF(SUM(K25:M29)=0," ",SUM(K25:M29)) | N30: =IF(SUM(N25:N29)=0," ",SUM(N25:N29)) -> 76
A31: DPT frasco multidosis | B31: 6.7 | C31: 2825Q001A | D31: 46419 | E31: 3 | F31: 2825Q001A | G31: 46419 | H31: 21 | K31: 17 | N31: =IF((((B31+E31)*10)-(H31+K31))/10=0," ",(((B31+E31)*10)-(H31+K31))/10) -> 5.9 | O31: 2825Q001A | P31: 46419
N32: =IF((((B32+E32)*10)-(H32+K32))/10=0," ",(((B32+E32)*10)-(H32+K32))/10) | O32: =IF(F32=0," ",F32) | P32: =IF(G32=0," ",G32)
N33: =IF((((B33+E33)*10)-(H33+K33))/10=0," ",(((B33+E33)*10)-(H33+K33))/10) | O33: =IF(F33=0," ",F33) | P33: =IF(G33=0," ",G33)
A34: A.R.F. En dictamen o canje | N34: =IF((((B34+E34)*10)-(H34+K34))/10=0," ",(((B34+E34)*10)-(H34+K34))/10) | O34: =IF(F34=0," ",F34) | P34: =IF(G34=0," ",G34)
N35: =IF((((B35+E35)*10)-(H35+K35))/10=0," ",(((B35+E35)*10)-(H35+K35))/10) | O35: =IF(F35=0," ",F35) | P35: =IF(G35=0," ",G35)
A36: Total | B36: =IF(SUM(B31:B35)=0," ",SUM(B31:B35)) -> 6.7 | E36: =IF(SUM(E31:E35)=0," ",SUM(E31:E35)) -> 3 | H36: =IF(SUM('SINBA-SIS-06-P'!Y31:Y32)=0," ",SUM('SINBA-SIS-06-P'!Y31:Y32)) -> 21 | K36: =IF(SUM(K31:M35)=0," ",SUM(K31:M35)) -> 17 | N36: =IF(SUM(N31:N35)=0," ",SUM(N31:N35)) -> 5.9
A37: Rotavirus RV1 frasco unidosis | B37: 40 | C37: AROLE111BA | D37: 46388 | E37: 100 | F37: AROEL111BA | G37: 46388 | H37: 88 | N37: =IF(((B37+E37)-(H37+K37))=0," ",((B37+E37)-(H37+K37))) -> 52 | O37: AROLE111BA | P37: 46388
N38: =IF(((B38+E38)-(H38+K38))=0," ",((B38+E38)-(H38+K38))) | O38: =IF(F38=0," ",F38) | P38: =IF(G38=0," ",G38)
N39: =IF(((B39+E39)-(H39+K39))=0," ",((B39+E39)-(H39+K39))) | O39: =IF(F39=0," ",F39) | P39: =IF(G39=0," ",G39)
A40: A.R.F. En dictamen o canje | N40: =IF(((B40+E40)-(H40+K40))=0," ",((B40+E40)-(H40+K40))) | O40: =IF(F40=0," ",F40) | P40: =IF(G40=0," ",G40)
N41: =IF(((B41+E41)-(H41+K41))=0," ",((B41+E41)-(H41+K41))) | O41: =IF(F41=0," ",F41) | P41: =IF(G41=0," ",G41)
A42: Total | B42: =IF(SUM(B37:B41)=0," ",SUM(B37:B41)) -> 40 | E42: =IF(SUM(E37:E41)=0," ",SUM(E37:E41)) -> 100 | H42: =IF(SUM('SINBA-SIS-06-P'!Y33:Y36)=0," ",SUM('SINBA-SIS-06-P'!Y33:Y36)) -> 88 | K42: =IF(SUM(K37:M41)=0," ",SUM(K37:M41)) | N42: =IF(SUM(N37:N41)=0," ",SUM(N37:N41)) -> 52
A43: Neumocócica conjugada (13 valente) | B43: 118 | C43: HN6635 | D43: 46327 | E43: 100 | F43: HN6635 | G43: 46327 | H43: 140 | N43: =IF(((B43+E43)-(H43+K43))=0," ",((B43+E43)-(H43+K43))) -> 78 | O43: HN6635 | P43: 46327
N44: =IF(((B44+E44)-(H44+K44))=0," ",((B44+E44)-(H44+K44))) | O44: =IF(F44=0," ",F44) | P44: =IF(G44=0," ",G44)
N45: =IF(((B45+E45)-(H45+K45))=0," ",((B45+E45)-(H45+K45))) | O45: =IF(F45=0," ",F45) | P45: =IF(G45=0," ",G45)
A46: A.R.F. En dictamen o canje | N46: =IF(((B46+E46)-(H46+K46))=0," ",((B46+E46)-(H46+K46))) | O46: =IF(F46=0," ",F46) | P46: =IF(G46=0," ",G46)
N47: =IF(((B47+E47)-(H47+K47))=0," ",((B47+E47)-(H47+K47))) | O47: =IF(F47=0," ",F47) | P47: =IF(G47=0," ",G47)
A48: Total | B48: =IF(SUM(B43:B47)=0," ",SUM(B43:B47)) -> 118 | E48: =IF(SUM(E43:E47)=0," ",SUM(E43:E47)) -> 100 | H48: =IF(SUM('SINBA-SIS-06-P'!Y37:Y43)=0," ",SUM('SINBA-SIS-06-P'!Y37:Y43)) -> 140 | K48: =IF(SUM(K43:M47)=0," ",SUM(K43:M47)) | N48: =IF(SUM(N43:N47)=0," ",SUM(N43:N47)) -> 78
A49: Neumocócica conjugada (20 valente) | N49: =IF(((B49+E49)-(H49+K49))=0," ",((B49+E49)-(H49+K49))) | O49: =IF(F49=0," ",F49) | P49: =IF(G49=0," ",G49)
N50: =IF(((B50+E50)-(H50+K50))=0," ",((B50+E50)-(H50+K50))) | O50: =IF(F50=0," ",F50) | P50: =IF(G50=0," ",G50)
N51: =IF(((B51+E51)-(H51+K51))=0," ",((B51+E51)-(H51+K51))) | O51: =IF(F51=0," ",F51) | P51: =IF(G51=0," ",G51)
A52: A.R.F. En dictamen o canje | N52: =IF(((B52+E52)-(H52+K52))=0," ",((B52+E52)-(H52+K52))) | O52: =IF(F52=0," ",F52) | P52: =IF(G52=0," ",G52)
N53: =IF(((B53+E53)-(H53+K53))=0," ",((B53+E53)-(H53+K53))) | O53: =IF(F53=0," ",F53) | P53: =IF(G53=0," ",G53)
A54: Total | B54: =IF(SUM(B49:B53)=0," ",SUM(B49:B53)) | E54: =IF(SUM(E49:E53)=0," ",SUM(E49:E53)) | H54: =IF(SUM('SINBA-SIS-06-P'!Y44:Y50)=0," ",SUM('SINBA-SIS-06-P'!Y44:Y50)) | K54: =IF(SUM(K49:M53)=0," ",SUM(K49:M53)) | N54: =IF(SUM(N49:N53)=0," ",SUM(N49:N53))
A55: SRP Triple Viral frasco unidosis | B55: 230 | C55: 0134N117B | D55: 46539 | H55: 114 | N55: =IF(((B55+E55)-(H55+K55))=0," ",((B55+E55)-(H55+K55))) -> 116 | O55: 0134N117B | P55: 46539
N56: =IF(((B56+E56)-(H56+K56))=0," ",((B56+E56)-(H56+K56))) | O56: =IF(F56=0," ",F56) | P56: =IF(G56=0," ",G56)
N57: =IF(((B57+E57)-(H57+K57))=0," ",((B57+E57)-(H57+K57))) | O57: =IF(F57=0," ",F57) | P57: =IF(G57=0," ",G57)
A58: A.R.F. En dictamen o canje | B58: 108 | C58: 0130W071 | D58: 44713 | N58: =IF(((B58+E58)-(H58+K58))=0," ",((B58+E58)-(H58+K58))) -> 108 | O58: =IF(F58=0," ",F58) | P58: =IF(G58=0," ",G58)
N59: =IF(((B59+E59)-(H59+K59))=0," ",((B59+E59)-(H59+K59))) | O59: =IF(F59=0," ",F59) | P59: =IF(G59=0," ",G59)
A60: Total | B60: =IF(SUM(B55:B59)=0," ",SUM(B55:B59)) -> 338 | E60: =IF(SUM(E55:E59)=0," ",SUM(E55:E59)) | H60: =IF(SUM('SINBA-SIS-06-P'!Y51:Y54)=0," ",SUM('SINBA-SIS-06-P'!Y51:Y54)) -> 114 | K60: =IF(SUM(K55:M59)=0," ",SUM(K55:M59)) | N60: =IF(SUM(N55:N59)=0," ",SUM(N55:N59)) -> 224
A61: Antiinfluenza Estacional frasco 10 dosis | N61: =IF((((B61+E61)*10)-(H61+K61))/10=0," ",(((B61+E61)*10)-(H61+K61))/10) | O61: =IF(F61=0," ",F61) | P61: =IF(G61=0," ",G61)
N62: =IF((((B62+E62)*10)-(H62+K62))/10=0," ",(((B62+E62)*10)-(H62+K62))/10) | O62: =IF(F62=0," ",F62) | P62: =IF(G62=0," ",G62)
N63: =IF((((B63+E63)*10)-(H63+K63))/10=0," ",(((B63+E63)*10)-(H63+K63))/10) | O63: =IF(F63=0," ",F63) | P63: =IF(G63=0," ",G63)
A64: A.R.F. En dictamen o canje | N64: =IF((((B64+E64)*10)-(H64+K64))/10=0," ",(((B64+E64)*10)-(H64+K64))/10) | O64: =IF(F64=0," ",F64) | P64: =IF(G64=0," ",G64)
N65: =IF((((B65+E65)*10)-(H65+K65))/10=0," ",(((B65+E65)*10)-(H65+K65))/10) | O65: =IF(F65=0," ",F65) | P65: =IF(G65=0," ",G65)
A66: Total | B66: =IF(SUM(B61:B65)=0," ",SUM(B61:B65)) | E66: =IF(SUM(E61:E65)=0," ",SUM(E61:E65)) | H66: =IF(SUM('SIS-SS-IE Mensual'!F57:G57)=0," ",SUM('SIS-SS-IE Mensual'!F57:G57)) | K66: =IF(SUM(K61:M65)=0," ",SUM(K61:M65)) | N66: =IF(SUM(N61:N65)=0," ",SUM(N61:N65))
A67: Reverso
A68: SERVICIOS DE SALUD DEL ESTADO DE QUERÉTARO
A69: CENTRO NACIONAL PARA LA SALUD DE LA INFANCIA Y ADOLESCENCIA
A70: INFORME MENSUAL DE MOVIMIENTO DE BIOLOGICO
A71: 1. Identificación: JURISDICCION SANITARIA N° 1 | L71: MES QUE SE REPORTA: | O71: =N5 -> AGOSTO
A72: Entidad Federativa: QUERÉTARO
A73: Fecha del corte: | B73: DIA: | C73: =IF(ÍNDICE!S3=0," ",ÍNDICE!S3) -> 31 | E73: MES: | F73: =O71 -> AGOSTO | H73: AÑO: | I73: =IF(ÍNDICE!U3=0," ",ÍNDICE!U3) -> 46266 | M73: UNIDAD DE SALUD: | O73: =IF(ÍNDICE!C4=0," ",ÍNDICE!C4) -> LOMAS DE CASA BLANCA
A74: Responsable de la Elaboración del Informe: | D74: =IF(D8=0," ",D8) -> LE. ANA MELISSA SALAZAR SERRANO
A75: Movimiento de Biológico
A76: Biológico | B76: Existencia Anterior en FRASCOS | E76: FRASCOS recibidos SOLO CON FORMATO DE REQUISICIÓN de biológico | H76: DOSIS Aplicadas | K76: DOSIS Desechadas | N76: Existencia final al corte del informe en FRASCOS | Q76: Observaciones
B78: Cantidad | C78: Lote | D78: Caducidad | E78: Cantidad | F78: Lote | G78: Caducidad | N78: Cantidad | O78: Lote | P78: Caducidad
A79: SR frasco multidosis | B79: 12 | C79: 0125N120A | D79: 46784 | E79: 15 | F79: 0125N120A | G79: 46784 | H79: 28 | K79: 142 | N79: =IF((((B79+E79)*10)-(H79+K79))/10=0," ",(((B79+E79)*10)-(H79+K79))/10) -> 10 | O79: 0125N120A | P79: 46784
N80: =IF((((B80+E80)*10)-(H80+K80))/10=0," ",(((B80+E80)*10)-(H80+K80))/10)
N81: =IF((((B81+E81)*10)-(H81+K81))/10=0," ",(((B81+E81)*10)-(H81+K81))/10) | O81: =IF(F81=0," ",F81) | P81: =IF(G81=0," ",G81)
A82: A.R.F. En dictamen o canje | N82: =IF((((B82+E82)*10)-(H82+K82))/10=0," ",(((B82+E82)*10)-(H82+K82))/10) | O82: =IF(F82=0," ",F82) | P82: =IF(G82=0," ",G82)
N83: =IF((((B83+E83)*10)-(H83+K83))/10=0," ",(((B83+E83)*10)-(H83+K83))/10) | O83: =IF(F83=0," ",F83) | P83: =IF(G83=0," ",G83)
A84: Total | B84: =IF(SUM(B79:B83)=0," ",SUM(B79:B83)) -> 12 | E84: =IF(SUM(E79:E83)=0," ",SUM(E79:E83)) -> 15 | H84: =IF(SUM('SINBA-SIS-06-P'!Y55:Y62)=0," ",SUM('SINBA-SIS-06-P'!Y55:Y62)) -> 28 | K84: =IF(SUM(K79:M83)=0," ",SUM(K79:M83)) -> 142 | N84: =IF(SUM(N79:N83)=0," ",SUM(N79:N83)) -> 10
A85: V.P.H. Bivalente / Tetravalente | B85: 26 | C85: Z008285 | D85: 46722 | H85: 2 | N85: =IF(((B85+E85)-(H85+K85))=0," ",((B85+E85)-(H85+K85))) -> 24 | O85: Z008285 | P85: 46722
N86: =IF(((B86+E86)-(H86+K86))=0," ",((B86+E86)-(H86+K86))) | O86: =IF(F86=0," ",F86) | P86: =IF(G86=0," ",G86)
N87: =IF(((B87+E87)-(H87+K87))=0," ",((B87+E87)-(H87+K87))) | O87: =IF(F87=0," ",F87) | P87: =IF(G87=0," ",G87)
A88: A.R.F. En dictamen o canje | N88: =IF(((B88+E88)-(H88+K88))=0," ",((B88+E88)-(H88+K88))) | O88: =IF(F88=0," ",F88) | P88: =IF(G88=0," ",G88)
N89: =IF(((B89+E89)-(H89+K89))=0," ",((B89+E89)-(H89+K89))) | O89: =IF(F89=0," ",F89) | P89: =IF(G89=0," ",G89)
A90: Total | B90: =IF(SUM(B85:B89)=0," ",SUM(B85:B89)) -> 26 | E90: =IF(SUM(E85:E89)=0," ",SUM(E85:E89)) | H90: =IF(SUM('SINBA-SIS-06-P'!Y75:Y81)=0," ",SUM('SINBA-SIS-06-P'!Y75:Y81)) -> 2 | K90: =IF(SUM(K85:M89)=0," ",SUM(K85:M89)) | N90: =IF(SUM(N85:N89)=0," ",SUM(N85:N89)) -> 24
A91: Td frasco multidosis | B91: 5 | C91: 2805X003A | D91: 46388 | E91: 3 | F91: 2805X003A | G91: 46388 | N91: =IF((((B91+E91)*10)-(H91+K91))/10=0," ",(((B91+E91)*10)-(H91+K91))/10) -> 8 | O91: 2805X003A | P91: 46388
B92: 5.1 | C92: 2805L002A | D92: 46388 | H92: 51 | N92: =IF((((B92+E92)*10)-(H92+K92))/10=0," ",(((B92+E92)*10)-(H92+K92))/10)
N93: =IF((((B93+E93)*10)-(H93+K93))/10=0," ",(((B93+E93)*10)-(H93+K93))/10) | P93: =IF(G93=0," ",G93)
A94: A.R.F. En dictamen o canje | N94: =IF((((B94+E94)*10)-(H94+K94))/10=0," ",(((B94+E94)*10)-(H94+K94))/10) | O94: =IF(F94=0," ",F94) | P94: =IF(G94=0," ",G94)
N95: =IF((((B95+E95)*10)-(H95+K95))/10=0," ",(((B95+E95)*10)-(H95+K95))/10) | O95: =IF(F95=0," ",F95) | P95: =IF(G95=0," ",G95)
A96: Total | B96: =IF(SUM(B91:B95)=0," ",SUM(B91:B95)) -> 10.1 | E96: =IF(SUM(E91:E95)=0," ",SUM(E91:E95)) -> 3 | H96: =IF(SUM('SINBA-SIS-06-P'!Y82:Y101)=0," ",SUM('SINBA-SIS-06-P'!Y82:Y101)) -> 51 | K96: =IF(SUM(K91:M95)=0," ",SUM(K91:M95)) | N96: =IF(SUM(N91:N95)=0," ",SUM(N91:N95)) -> 8
A97: TDPa frasco unidosis | B97: 21 | C97: 3CA53C1 | D97: SEP´-27 | H97: 21 | N97: =IF(((B97+E97)-(H97+K97))=0," ",((B97+E97)-(H97+K97))) | O97: =IF(F97=0," ",F97) | P97: =IF(G97=0," ",G97)
B98: 30 | C98: AC37B543AD | D98: 46784 | E98: 20 | F98: AC37B543AD | G98: 46784 | H98: 7 | N98: =IF(((B98+E98)-(H98+K98))=0," ",((B98+E98)-(H98+K98))) -> 43 | O98: AC37B543AD | P98: 46784
N99: =IF(((B99+E99)-(H99+K99))=0," ",((B99+E99)-(H99+K99))) | O99: =IF(F99=0," ",F99) | P99: =IF(G99=0," ",G99)
A100: A.R.F. En dictamen o canje | N100: =IF(((B100+E100)-(H100+K100))=0," ",((B100+E100)-(H100+K100))) | O100: =IF(F100=0," ",F100) | P100: =IF(G100=0," ",G100)
N101: =IF(((B101+E101)-(H101+K101))=0," ",((B101+E101)-(H101+K101))) | O101: =IF(F101=0," ",F101) | P101: =IF(G101=0," ",G101)
A102: Total | B102: =IF(SUM(B97:B101)=0," ",SUM(B97:B101)) -> 51 | E102: =IF(SUM(E97:E101)=0," ",SUM(E97:E101)) -> 20 | H102: =IF(SUM('SINBA-SIS-06-P'!Y102:Y103)=0," ",SUM('SINBA-SIS-06-P'!Y102:Y103)) -> 28 | K102: =IF(SUM(K97:M101)=0," ",SUM(K97:M101)) | N102: =IF(SUM(N97:N101)=0," ",SUM(N97:N101)) -> 43
...

Sheet SIS-SS-CE-H-2026
J1: Informe Mensual de Actividades Realizadas en la Unidad Médica SINBA-SIS-CE-H | AH1: Sección III
J2: Aplicación de biológicos | AH2: Hoja 8 de 8
A3: Nombre de la unidad: | F3: =IF(ÍNDICE!C4=0," ",ÍNDICE!C4) -> LOMAS DE CASA BLANCA | X3: CLUES: | Y3: =IF(ÍNDICE!G4=0," ",ÍNDICE!G4) -> QTSSA012982
A4: Nombre de la persona responsable de la información: | K4: =IF(ÍNDICE!J4=0," ",ÍNDICE!J4) -> LE. ANA MELISSA SALAZAR SERRANO | X4: Mes: | Y4: =IF(ÍNDICE!O4=0," ",ÍNDICE!O4) -> AGOSTO | AF4: Año: | AG4: =TEXT(IF(ÍNDICE!$U$3=0," ",ÍNDICE!$U$3),"AAAA") -> 2026
A5: SIS-2026
J7: Variable | M7: Clave | N7: Total de dosis | O7: Clave | P7: A Afromexicanos | Q7: Clave | R7: A Indígenas | S7: Clave | T7: A Migrantes | Z7: Variable | AA7: Clave | AB7: Total de dosis | AC7: Clave | AD7: A Afromexicanos | AE7: Clave | AF7: A Indígenas | AG7: Clave | AH7: A Migrantes
A8: Aplicación de biológicos | C8: 119 BCG | J8: Recién nacido (primeras 24 horas) | M8: VBC01 | N8: =IF('SINBA-SIS-06-P'!Y11=0," ",'SINBA-SIS-06-P'!Y11) -> 4 | O8: VBF51 | P8: =IF('SINBA-SIS-06-P'!V11=0," ",'SINBA-SIS-06-P'!V11) | Q8: VBI51 | R8: =IF('SINBA-SIS-06-P'!W11=0," ",'SINBA-SIS-06-P'!W11) | S8: VBC51 | T8: =IF('SINBA-SIS-06-P'!X11=0," ",'SINBA-SIS-06-P'!X11) | W8: 129 VPHa | X8: Única | Y8: Personas de quinto año de primaria o de 11 años no escolarizadas a | AA8: VPH05 | AB8: =IF('SINBA-SIS-06-P'!Y75=0," ",'SINBA-SIS-06-P'!Y75) -> 2 | AC8: VPF01 | AD8: =IF('SINBA-SIS-06-P'!V75=0," ",'SINBA-SIS-06-P'!V75) | AE8: VPI01 | AF8: =IF('SINBA-SIS-06-P'!W75=0," ",'SINBA-SIS-06-P'!W75) | AG8: VPH51 | AH8: =IF('SINBA-SIS-06-P'!X75=0," ",'SINBA-SIS-06-P'!X75)
J9: Recién nacido (de 2 a 28 días) | M9: VBC02 | N9: =IF('SINBA-SIS-06-P'!Y12=0," ",'SINBA-SIS-06-P'!Y12) -> 21 | O9: VBF52 | P9: =IF('SINBA-SIS-06-P'!V12=0," ",'SINBA-SIS-06-P'!V12) | Q9: VBI52 | R9: =IF('SINBA-SIS-06-P'!W12=0," ",'SINBA-SIS-06-P'!W12) | S9: VBC52 | T9: =IF('SINBA-SIS-06-P'!X12=0," ",'SINBA-SIS-06-P'!X12) | Y9: Niñas y/o adolescentes de 12 a 16 años (rezagadas) | AA9: VPH06 | AB9: =IF('SINBA-SIS-06-P'!Y76=0," ",'SINBA-SIS-06-P'!Y76) | AC9: VPF02 | AD9: =IF('SINBA-SIS-06-P'!V76=0," ",'SINBA-SIS-06-P'!V76) | AE9: VPI02 | AF9: =IF('SINBA-SIS-06-P'!W76=0," ",'SINBA-SIS-06-P'!W76) | AG9: VPH52 | AH9: =IF('SINBA-SIS-06-P'!X76=0," ",'SINBA-SIS-06-P'!X76)
J10: 29 días a 11 meses | M10: BIO50 | N10: =IF('SINBA-SIS-06-P'!Y13=0," ",'SINBA-SIS-06-P'!Y13) -> 1 | O10: VBF53 | P10: =IF('SINBA-SIS-06-P'!V13=0," ",'SINBA-SIS-06-P'!V13) | Q10: VBI53 | R10: =IF('SINBA-SIS-06-P'!W13=0," ",'SINBA-SIS-06-P'!W13) | S10: VBC53 | T10: =IF('SINBA-SIS-06-P'!X13=0," ",'SINBA-SIS-06-P'!X13) | Y10: Niñas y/o adolescentes víctimas de violación sexual de 9 a 14 años b | AA10: VPH07 | AB10: =IF('SINBA-SIS-06-P'!Y77=0," ",'SINBA-SIS-06-P'!Y77) | AC10: VPF03 | AD10: =IF('SINBA-SIS-06-P'!V77=0," ",'SINBA-SIS-06-P'!V77) | AE10: VPI03 | AF10: =IF('SINBA-SIS-06-P'!W77=0," ",'SINBA-SIS-06-P'!W77) | AG10: VPH53 | AH10: =IF('SINBA-SIS-06-P'!X77=0," ",'SINBA-SIS-06-P'!X77)
J11: 1 a 4 años | M11: BIO03 | N11: =IF('SINBA-SIS-06-P'!Y14=0," ",'SINBA-SIS-06-P'!Y14) | O11: VBF54 | P11: =IF('SINBA-SIS-06-P'!V14=0," ",'SINBA-SIS-06-P'!V14) | Q11: VBI54 | R11: =IF('SINBA-SIS-06-P'!W14=0," ",'SINBA-SIS-06-P'!W14) | S11: VBC54 | T11: =IF('SINBA-SIS-06-P'!X14=0," ",'SINBA-SIS-06-P'!X14) | Y11: Niñas y/o adolescentes víctimas de violación sexual de 15 a 19 años b | AA11: VPH08 | AB11: =IF('SINBA-SIS-06-P'!Y78=0," ",'SINBA-SIS-06-P'!Y78) | AC11: VPF04 | AD11: =IF('SINBA-SIS-06-P'!V78=0," ",'SINBA-SIS-06-P'!V78) | AE11: VPI04 | AF11: =IF('SINBA-SIS-06-P'!W78=0," ",'SINBA-SIS-06-P'!W78) | AG11: VPH54 | AH11: =IF('SINBA-SIS-06-P'!X78=0," ",'SINBA-SIS-06-P'!X78)
J12: 5 a 13 años | M12: VBC03 | N12: =IF('SINBA-SIS-06-P'!Y15=0," ",'SINBA-SIS-06-P'!Y15) | O12: VBF55 | P12: =IF('SINBA-SIS-06-P'!V15=0," ",'SINBA-SIS-06-P'!V15) | Q12: VBI55 | R12: =IF('SINBA-SIS-06-P'!W15=0," ",'SINBA-SIS-06-P'!W15) | S12: VBC55 | T12: =IF('SINBA-SIS-06-P'!X15=0," ",'SINBA-SIS-06-P'!X15) | X12: Personas de 11 a 49 años que viven con VIH | Z12: Primera | AA12: VPH12 | AB12: =IF('SINBA-SIS-06-P'!Y79=0," ",'SINBA-SIS-06-P'!Y79) | AC12: VPF05 | AD12: =IF('SINBA-SIS-06-P'!V79=0," ",'SINBA-SIS-06-P'!V79) | AE12: VPI05 | AF12: =IF('SINBA-SIS-06-P'!W79=0," ",'SINBA-SIS-06-P'!W79) | AG12: VPH61 | AH12: =IF('SINBA-SIS-06-P'!X79=0," ",'SINBA-SIS-06-P'!X79)
C13: 121 Hepatitis B | J13: Única recién nacido (0 a 7 días) | M13: VAC06 | N13: =IF('SINBA-SIS-06-P'!Y16=0," ",'SINBA-SIS-06-P'!Y16) -> 14 | O13: VHF51 | P13: =IF('SINBA-SIS-06-P'!V16=0," ",'SINBA-SIS-06-P'!V16) | Q13: VHI51 | R13: =IF('SINBA-SIS-06-P'!W16=0," ",'SINBA-SIS-06-P'!W16) | S13: VHB51 | T13: =IF('SINBA-SIS-06-P'!X16=0," ",'SINBA-SIS-06-P'!X16) | Z13: Segunda | AA13: VPH13 | AB13: =IF('SINBA-SIS-06-P'!Y80=0," ",'SINBA-SIS-06-P'!Y80) | AC13: VPF06 | AD13: =IF('SINBA-SIS-06-P'!V80=0," ",'SINBA-SIS-06-P'!V80) | AE13: VPI06 | AF13: =IF('SINBA-SIS-06-P'!W80=0," ",'SINBA-SIS-06-P'!W80) | AG13: VPH62 | AH13: =IF('SINBA-SIS-06-P'!X80=0," ",'SINBA-SIS-06-P'!X80)
J14: Mayores de 11 años (sin antecedente vacunal) | L14: Primera | M14: VHB01 | N14: =IF('SINBA-SIS-06-P'!Y17=0," ",'SINBA-SIS-06-P'!Y17) -> 5 | O14: VHF52 | P14: =IF('SINBA-SIS-06-P'!V17=0," ",'SINBA-SIS-06-P'!V17) | Q14: VHI52 | R14: =IF('SINBA-SIS-06-P'!W17=0," ",'SINBA-SIS-06-P'!W17) | S14: VHB52 | T14: =IF('SINBA-SIS-06-P'!X17=0," ",'SINBA-SIS-06-P'!X17) | Z14: Tercera | AA14: VPH14 | AB14: =IF('SINBA-SIS-06-P'!Y81=0," ",'SINBA-SIS-06-P'!Y81) | AC14: VPF07 | AD14: =IF('SINBA-SIS-06-P'!V81=0," ",'SINBA-SIS-06-P'!V81) | AE14: VPI07 | AF14: =IF('SINBA-SIS-06-P'!W81=0," ",'SINBA-SIS-06-P'!W81) | AG14: VPH63 | AH14: =IF('SINBA-SIS-06-P'!X81=0," ",'SINBA-SIS-06-P'!X81)
L15: Segunda | M15: VHB02 | N15: =IF('SINBA-SIS-06-P'!Y18=0," ",'SINBA-SIS-06-P'!Y18) | O15: VHF53 | P15: =IF('SINBA-SIS-06-P'!V18=0," ",'SINBA-SIS-06-P'!V18) | Q15: VHI53 | R15: =IF('SINBA-SIS-06-P'!W18=0," ",'SINBA-SIS-06-P'!W18) | S15: VHB53 | T15: =IF('SINBA-SIS-06-P'!X18=0," ",'SINBA-SIS-06-P'!X18) | W15: 131 Varicela* | Y15: Única 1 año | AA15: VAR02 | AB15: =IF('SINBA-SIS-06-P'!Y63=0," ",'SINBA-SIS-06-P'!Y63) | AC15: VAR61 | AD15: =IF('SINBA-SIS-06-P'!V63=0," ",'SINBA-SIS-06-P'!V63) | AE15: VAR71 | AF15: =IF('SINBA-SIS-06-P'!W63=0," ",'SINBA-SIS-06-P'!W63) | AG15: VAR54 | AH15: =IF('SINBA-SIS-06-P'!X63=0," ",'SINBA-SIS-06-P'!X63)
J16: Población en riesgo | L16: Primera | M16: VHB03 | N16: =IF('SINBA-SIS-06-P'!Y19=0," ",'SINBA-SIS-06-P'!Y19) -> 3 | O16: VHF54 | P16: =IF('SINBA-SIS-06-P'!V19=0," ",'SINBA-SIS-06-P'!V19) | Q16: VHI54 | R16: =IF('SINBA-SIS-06-P'!W19=0," ",'SINBA-SIS-06-P'!W19) | S16: VHB54 | T16: =IF('SINBA-SIS-06-P'!X19=0," ",'SINBA-SIS-06-P'!X19) | Y16: Rezagos de 2 a 4 años | AA16: VAR03 | AB16: =IF('SINBA-SIS-06-P'!Y64=0," ",'SINBA-SIS-06-P'!Y64) | AC16: VAR62 | AD16: =IF('SINBA-SIS-06-P'!V64=0," ",'SINBA-SIS-06-P'!V64) | AE16: VAR72 | AF16: =IF('SINBA-SIS-06-P'!W64=0," ",'SINBA-SIS-06-P'!W64) | AG16: VAR55 | AH16: =IF('SINBA-SIS-06-P'!X64=0," ",'SINBA-SIS-06-P'!X64)
L17: Segunda | M17: VHB04 | N17: =IF('SINBA-SIS-06-P'!Y20=0," ",'SINBA-SIS-06-P'!Y20) -> 2 | O17: VHF55 | P17: =IF('SINBA-SIS-06-P'!V20=0," ",'SINBA-SIS-06-P'!V20) | Q17: VHI55 | R17: =IF('SINBA-SIS-06-P'!W20=0," ",'SINBA-SIS-06-P'!W20) | S17: VHB55 | T17: =IF('SINBA-SIS-06-P'!X20=0," ",'SINBA-SIS-06-P'!X20) | W17: 122 Hepatitis A | Y17: Única 18 meses | AA17: VHA01 | AB17: =IF('SINBA-SIS-06-P'!Y65=0," ",'SINBA-SIS-06-P'!Y65) -> 6 | AC17: VAF01 | AD17: =IF('SINBA-SIS-06-P'!V65=0," ",'SINBA-SIS-06-P'!V65) | AE17: VAI01 | AF17: =IF('SINBA-SIS-06-P'!W65=0," ",'SINBA-SIS-06-P'!W65) | AG17: VHA53 | AH17: =IF('SINBA-SIS-06-P'!X65=0," ",'SINBA-SIS-06-P'!X65)
J18: Personal de salud | L18: Primera | M18: VHB05 | N18: =IF('SINBA-SIS-06-P'!Y21=0," ",'SINBA-SIS-06-P'!Y21) | O18: VHF56 | P18: =IF('SINBA-SIS-06-P'!V21=0," ",'SINBA-SIS-06-P'!V21) | Q18: VHI56 | R18: =IF('SINBA-SIS-06-P'!W21=0," ",'SINBA-SIS-06-P'!W21) | S18: VHB56 | T18: =IF('SINBA-SIS-06-P'!X21=0," ",'SINBA-SIS-06-P'!X21) | Y18: Rezagos de 2 a 4 años | AA18: VHA02 | AB18: =IF('SINBA-SIS-06-P'!Y66=0," ",'SINBA-SIS-06-P'!Y66) | AC18: VAF02 | AD18: =IF('SINBA-SIS-06-P'!V66=0," ",'SINBA-SIS-06-P'!V66) | AE18: VAI02 | AF18: =IF('SINBA-SIS-06-P'!W66=0," ",'SINBA-SIS-06-P'!W66) | AG18: VHA54 | AH18: =IF('SINBA-SIS-06-P'!X66=0," ",'SINBA-SIS-06-P'!X66)
L19: Segunda | M19: VHB06 | N19: =IF('SINBA-SIS-06-P'!Y22=0," ",'SINBA-SIS-06-P'!Y22) | O19: VHF57 | P19: =IF('SINBA-SIS-06-P'!V22=0," ",'SINBA-SIS-06-P'!V22) | Q19: VHI57 | R19: =IF('SINBA-SIS-06-P'!W22=0," ",'SINBA-SIS-06-P'!W22) | S19: VHB57 | T19: =IF('SINBA-SIS-06-P'!X22=0," ",'SINBA-SIS-06-P'!X22) | Y19: Población en riesgo | AA19: BIO88 | AB19: =IF('SINBA-SIS-06-P'!Y67=0," ",'SINBA-SIS-06-P'!Y67) | AC19: VAF03 | AD19: =IF('SINBA-SIS-06-P'!V67=0," ",'SINBA-SIS-06-P'!V67) | AE19: VAI03 | AF19: =IF('SINBA-SIS-06-P'!W67=0," ",'SINBA-SIS-06-P'!W67) | AG19: VHA52 | AH19: =IF('SINBA-SIS-06-P'!X67=0," ",'SINBA-SIS-06-P'!X67)
C20: 275 Hexavalente acelular DPaT + IPV + Hib + HB | J20: Primera 2 a 11 meses | M20: VAC67 | N20: =IF('SINBA-SIS-06-P'!Y23=0," ",'SINBA-SIS-06-P'!Y23) -> 48 | O20: VXF51 | P20: =IF('SINBA-SIS-06-P'!V23=0," ",'SINBA-SIS-06-P'!V23) | Q20: VXI51 | R20: =IF('SINBA-SIS-06-P'!W23=0," ",'SINBA-SIS-06-P'!W23) | S20: VHX51 | T20: =IF('SINBA-SIS-06-P'!X23=0," ",'SINBA-SIS-06-P'!X23) | W20: 132 T d | X20: Embarazadas | Y20: Primera | Z20: 10 a 19 años | AA20: VAC39 | AB20: =IF('SINBA-SIS-06-P'!Y82=0," ",'SINBA-SIS-06-P'!Y82) | AC20: VTF01 | AD20: =IF('SINBA-SIS-06-P'!V82=0," ",'SINBA-SIS-06-P'!V82) | AE20: VTI01 | AF20: =IF('SINBA-SIS-06-P'!W82=0," ",'SINBA-SIS-06-P'!W82) | AG20: VTD51 | AH20: =IF('SINBA-SIS-06-P'!X82=0," ",'SINBA-SIS-06-P'!X82)
J21: Segunda 4 a 11 meses | M21: VAC68 | N21: =IF('SINBA-SIS-06-P'!Y24=0," ",'SINBA-SIS-06-P'!Y24) -> 44 | O21: VXF52 | P21: =IF('SINBA-SIS-06-P'!V24=0," ",'SINBA-SIS-06-P'!V24) | Q21: VXI52 | R21: =IF('SINBA-SIS-06-P'!W24=0," ",'SINBA-SIS-06-P'!W24) | S21: VHX52 | T21: =IF('SINBA-SIS-06-P'!X24=0," ",'SINBA-SIS-06-P'!X24) | Z21: 20 y más años | AA21: VAC40 | AB21: =IF('SINBA-SIS-06-P'!Y83=0," ",'SINBA-SIS-06-P'!Y83) | AC21: VTF02 | AD21: =IF('SINBA-SIS-06-P'!V83=0," ",'SINBA-SIS-06-P'!V83) | AE21: VTI02 | AF21: =IF('SINBA-SIS-06-P'!W83=0," ",'SINBA-SIS-06-P'!W83) | AG21: VTD52 | AH21: =IF('SINBA-SIS-06-P'!X83=0," ",'SINBA-SIS-06-P'!X83)
J22: Tercera 6 a 11 meses | M22: VAC69 | N22: =IF('SINBA-SIS-06-P'!Y25=0," ",'SINBA-SIS-06-P'!Y25) -> 45 | O22: VXF53 | P22: =IF('SINBA-SIS-06-P'!V25=0," ",'SINBA-SIS-06-P'!V25) | Q22: VXI53 | R22: =IF('SINBA-SIS-06-P'!W25=0," ",'SINBA-SIS-06-P'!W25) | S22: VHX53 | T22: =IF('SINBA-SIS-06-P'!X25=0," ",'SINBA-SIS-06-P'!X25) | Y22: Segunda | Z22: 10 a 19 años | AA22: VAC47 | AB22: =IF('SINBA-SIS-06-P'!Y84=0," ",'SINBA-SIS-06-P'!Y84) | AC22: VTF03 | AD22: =IF('SINBA-SIS-06-P'!V84=0," ",'SINBA-SIS-06-P'!V84) | AE22: VTI03 | AF22: =IF('SINBA-SIS-06-P'!W84=0," ",'SINBA-SIS-06-P'!W84) | AG22: VTD53 | AH22: =IF('SINBA-SIS-06-P'!X84=0," ",'SINBA-SIS-06-P'!X84)
J23: Refuerzo 18 a 23 meses | M23: VAC70 | N23: =IF('SINBA-SIS-06-P'!Y26=0," ",'SINBA-SIS-06-P'!Y26) -> 30 | O23: VXF54 | P23: =IF('SINBA-SIS-06-P'!V26=0," ",'SINBA-SIS-06-P'!V26) | Q23: VXI54 | R23: =IF('SINBA-SIS-06-P'!W26=0," ",'SINBA-SIS-06-P'!W26) | S23: VHX54 | T23: =IF('SINBA-SIS-06-P'!X26=0," ",'SINBA-SIS-06-P'!X26) | Z23: 20 y más años | AA23: VAC48 | AB23: =IF('SINBA-SIS-06-P'!Y85=0," ",'SINBA-SIS-06-P'!Y85) | AC23: VTF04 | AD23: =IF('SINBA-SIS-06-P'!V85=0," ",'SINBA-SIS-06-P'!V85) | AE23: VTI04 | AF23: =IF('SINBA-SIS-06-P'!W85=0," ",'SINBA-SIS-06-P'!W85) | AG23: VTD54 | AH23: =IF('SINBA-SIS-06-P'!X85=0," ",'SINBA-SIS-06-P'!X85)
J24: Para iniciar o completar esquema 1 a 4 años | L24: Primera | M24: VHX01 | N24: =IF('SINBA-SIS-06-P'!Y27=0," ",'SINBA-SIS-06-P'!Y27) -> 2 | O24: VXF55 | P24: =IF('SINBA-SIS-06-P'!V27=0," ",'SINBA-SIS-06-P'!V27) | Q24: VXI55 | R24: =IF('SINBA-SIS-06-P'!W27=0," ",'SINBA-SIS-06-P'!W27) | S24: VHX55 | T24: =IF('SINBA-SIS-06-P'!X27=0," ",'SINBA-SIS-06-P'!X27) | Y24: Tercera | Z24: 10 a 19 años | AA24: VTD01 | AB24: =IF('SINBA-SIS-06-P'!Y86=0," ",'SINBA-SIS-06-P'!Y86) | AC24: VTF05 | AD24: =IF('SINBA-SIS-06-P'!V86=0," ",'SINBA-SIS-06-P'!V86) | AE24: VTI05 | AF24: =IF('SINBA-SIS-06-P'!W86=0," ",'SINBA-SIS-06-P'!W86) | AG24: VTD55 | AH24: =IF('SINBA-SIS-06-P'!X86=0," ",'SINBA-SIS-06-P'!X86)
L25: Segunda | M25: VHX02 | N25: =IF('SINBA-SIS-06-P'!Y28=0," ",'SINBA-SIS-06-P'!Y28) -> 1 | O25: VXF56 | P25: =IF('SINBA-SIS-06-P'!V28=0," ",'SINBA-SIS-06-P'!V28) | Q25: VXI56 | R25: =IF('SINBA-SIS-06-P'!W28=0," ",'SINBA-SIS-06-P'!W28) | S25: VHX56 | T25: =IF('SINBA-SIS-06-P'!X28=0," ",'SINBA-SIS-06-P'!X28) | Z25: 20 y más años | AA25: VTD02 | AB25: =IF('SINBA-SIS-06-P'!Y87=0," ",'SINBA-SIS-06-P'!Y87) | AC25: VTF06 | AD25: =IF('SINBA-SIS-06-P'!V87=0," ",'SINBA-SIS-06-P'!V87) | AE25: VTI06 | AF25: =IF('SINBA-SIS-06-P'!W87=0," ",'SINBA-SIS-06-P'!W87) | AG25: VTD56 | AH25: =IF('SINBA-SIS-06-P'!X87=0," ",'SINBA-SIS-06-P'!X87)
L26: Tercera | M26: VHX03 | N26: =IF('SINBA-SIS-06-P'!Y29=0," ",'SINBA-SIS-06-P'!Y29) -> 5 | O26: VXF57 | P26: =IF('SINBA-SIS-06-P'!V29=0," ",'SINBA-SIS-06-P'!V29) | Q26: VXI57 | R26: =IF('SINBA-SIS-06-P'!W29=0," ",'SINBA-SIS-06-P'!W29) | S26: VHX57 | T26: =IF('SINBA-SIS-06-P'!X29=0," ",'SINBA-SIS-06-P'!X29) | Y26: Refuerzo | Z26: 10 a 19 años | AA26: VAC55 | AB26: =IF('SINBA-SIS-06-P'!Y88=0," ",'SINBA-SIS-06-P'!Y88) | AC26: VTF07 | AD26: =IF('SINBA-SIS-06-P'!V88=0," ",'SINBA-SIS-06-P'!V88) | AE26: VTI07 | AF26: =IF('SINBA-SIS-06-P'!W88=0," ",'SINBA-SIS-06-P'!W88) | AG26: VTD57 | AH26: =IF('SINBA-SIS-06-P'!X88=0," ",'SINBA-SIS-06-P'!X88)
L27: Refuerzo | M27: VHX04 | N27: =IF('SINBA-SIS-06-P'!Y30=0," ",'SINBA-SIS-06-P'!Y30) -> 14 | O27: VXF58 | P27: =IF('SINBA-SIS-06-P'!V30=0," ",'SINBA-SIS-06-P'!V30) | Q27: VXI58 | R27: =IF('SINBA-SIS-06-P'!W30=0," ",'SINBA-SIS-06-P'!W30) | S27: VHX58 | T27: =IF('SINBA-SIS-06-P'!X30=0," ",'SINBA-SIS-06-P'!X30) | Z27: 20 y más años | AA27: VAC56 | AB27: =IF('SINBA-SIS-06-P'!Y89=0," ",'SINBA-SIS-06-P'!Y89) | AC27: VTF08 | AD27: =IF('SINBA-SIS-06-P'!V89=0," ",'SINBA-SIS-06-P'!V89) | AE27: VTI08 | AF27: =IF('SINBA-SIS-06-P'!W89=0," ",'SINBA-SIS-06-P'!W89) | AG27: VTD58 | AH27: =IF('SINBA-SIS-06-P'!X89=0," ",'SINBA-SIS-06-P'!X89)
C28: 123 DPT | J28: Única 4 años | M28: VAC12 | N28: =IF('SINBA-SIS-06-P'!Y31=0," ",'SINBA-SIS-06-P'!Y31) -> 15 | O28: VPD53 | P28: =IF('SINBA-SIS-06-P'!V31=0," ",'SINBA-SIS-06-P'!V31) | Q28: VPD55 | R28: =IF('SINBA-SIS-06-P'!W31=0," ",'SINBA-SIS-06-P'!W31) | S28: VPD51 | T28: =IF('SINBA-SIS-06-P'!X31=0," ",'SINBA-SIS-06-P'!X31) | X28: Población | Y28: Primera | Z28: 15 a 19 años | AA28: VTT01 | AB28: =IF('SINBA-SIS-06-P'!Y90=0," ",'SINBA-SIS-06-P'!Y90) -> 3 | AC28: VTF09 | AD28: =IF('SINBA-SIS-06-P'!V90=0," ",'SINBA-SIS-06-P'!V90) | AE28: VTI09 | AF28: =IF('SINBA-SIS-06-P'!W90=0," ",'SINBA-SIS-06-P'!W90) | AG28: VTM01 | AH28: =IF('SINBA-SIS-06-P'!X90=0," ",'SINBA-SIS-06-P'!X90)
J29: Para iniciar o completar esquema 5 a 6 años única | M29: VAC13 | N29: =IF('SINBA-SIS-06-P'!Y32=0," ",'SINBA-SIS-06-P'!Y32) -> 6 | O29: VPD54 | P29: =IF('SINBA-SIS-06-P'!V32=0," ",'SINBA-SIS-06-P'!V32) | Q29: VPD56 | R29: =IF('SINBA-SIS-06-P'!W32=0," ",'SINBA-SIS-06-P'!W32) | S29: VPD52 | T29: =IF('SINBA-SIS-06-P'!X32=0," ",'SINBA-SIS-06-P'!X32) | Z29: 20 a 59 años | AA29: VTT02 | AB29: =IF('SINBA-SIS-06-P'!Y91=0," ",'SINBA-SIS-06-P'!Y91) -> 4 | AC29: VTF10 | AD29: =IF('SINBA-SIS-06-P'!V91=0," ",'SINBA-SIS-06-P'!V91) | AE29: VTI10 | AF29: =IF('SINBA-SIS-06-P'!W91=0," ",'SINBA-SIS-06-P'!W91) | AG29: VTM02 | AH29: =IF('SINBA-SIS-06-P'!X91=0," ",'SINBA-SIS-06-P'!X91)
C30: 274 Rotavirus RV1 | J30: Primera 2 meses | M30: VRV01 | N30: =IF('SINBA-SIS-06-P'!Y33=0," ",'SINBA-SIS-06-P'!Y33) -> 45 | O30: VRF51 | P30: =IF('SINBA-SIS-06-P'!V33=0," ",'SINBA-SIS-06-P'!V33) | Q30: VRI51 | R30: =IF('SINBA-SIS-06-P'!W33=0," ",'SINBA-SIS-06-P'!W33) | S30: VRV51 | T30: =IF('SINBA-SIS-06-P'!X33=0," ",'SINBA-SIS-06-P'!X33) | Z30: 60 y más años | AA30: VTT03 | AB30: =IF('SINBA-SIS-06-P'!Y92=0," ",'SINBA-SIS-06-P'!Y92) -> 1 | AC30: VTF11 | AD30: =IF('SINBA-SIS-06-P'!V92=0," ",'SINBA-SIS-06-P'!V92) | AE30: VTI11 | AF30: =IF('SINBA-SIS-06-P'!W92=0," ",'SINBA-SIS-06-P'!W92) | AG30: VTM03 | AH30: =IF('SINBA-SIS-06-P'!X92=0," ",'SINBA-SIS-06-P'!X92)
J31: Segunda 4 meses | M31: VRV02 | N31: =IF('SINBA-SIS-06-P'!Y34=0," ",'SINBA-SIS-06-P'!Y34) -> 42 | O31: VRF52 | P31: =IF('SINBA-SIS-06-P'!V34=0," ",'SINBA-SIS-06-P'!V34) | Q31: VRI52 | R31: =IF('SINBA-SIS-06-P'!W34=0," ",'SINBA-SIS-06-P'!W34) | S31: VRV52 | T31: =IF('SINBA-SIS-06-P'!X34=0," ",'SINBA-SIS-06-P'!X34) | Y31: Segunda (1 a 2 meses despuès de la 1er dosis) | Z31: 15 a 19 años | AA31: VTT04 | AB31: =IF('SINBA-SIS-06-P'!Y93=0," ",'SINBA-SIS-06-P'!Y93) -> 1 | AC31: VTF12 | AD31: =IF('SINBA-SIS-06-P'!V93=0," ",'SINBA-SIS-06-P'!V93) | AE31: VTI12 | AF31: =IF('SINBA-SIS-06-P'!W93=0," ",'SINBA-SIS-06-P'!W93) | AG31: VTM04 | AH31: =IF('SINBA-SIS-06-P'!X93=0," ",'SINBA-SIS-06-P'!X93)
J32: Para iniciar o completar esquema | L32: Primera 3 a 7 meses | M32: VRV03 | N32: =IF('SINBA-SIS-06-P'!Y35=0," ",'SINBA-SIS-06-P'!Y35) -> 1 | O32: VRF53 | P32: =IF('SINBA-SIS-06-P'!V35=0," ",'SINBA-SIS-06-P'!V35) | Q32: VRI53 | R32: =IF('SINBA-SIS-06-P'!W35=0," ",'SINBA-SIS-06-P'!W35) | S32: VRV53 | T32: =IF('SINBA-SIS-06-P'!X35=0," ",'SINBA-SIS-06-P'!X35) | Z32: 20 a 59 años | AA32: VTT05 | AB32: =IF('SINBA-SIS-06-P'!Y94=0," ",'SINBA-SIS-06-P'!Y94) -> 1 | AC32: VTF13 | AD32: =IF('SINBA-SIS-06-P'!V94=0," ",'SINBA-SIS-06-P'!V94) | AE32: VTI13 | AF32: =IF('SINBA-SIS-06-P'!W94=0," ",'SINBA-SIS-06-P'!W94) | AG32: VTM05 | AH32: =IF('SINBA-SIS-06-P'!X94=0," ",'SINBA-SIS-06-P'!X94)
L33: Segunda 5 a 7 meses | M33: VRV04 | N33: =IF('SINBA-SIS-06-P'!Y36=0," ",'SINBA-SIS-06-P'!Y36) | O33: VRF54 | P33: =IF('SINBA-SIS-06-P'!V36=0," ",'SINBA-SIS-06-P'!V36) | Q33: VRI54 | R33: =IF('SINBA-SIS-06-P'!W36=0," ",'SINBA-SIS-06-P'!W36) | S33: VRV54 | T33: =IF('SINBA-SIS-06-P'!X36=0," ",'SINBA-SIS-06-P'!X36) | Z33: 60 y más años | AA33: VTT06 | AB33: =IF('SINBA-SIS-06-P'!Y95=0," ",'SINBA-SIS-06-P'!Y95) | AC33: VTF14 | AD33: =IF('SINBA-SIS-06-P'!V95=0," ",'SINBA-SIS-06-P'!V95) | AE33: VTI14 | AF33: =IF('SINBA-SIS-06-P'!W95=0," ",'SINBA-SIS-06-P'!W95) | AG33: VTM06 | AH33: =IF('SINBA-SIS-06-P'!X95=0," ",'SINBA-SIS-06-P'!X95)
C34: 125 Neumocócica Conjugada (13 valente) | J34: Primera 2 a 11 meses | M34: VAC17 | N34: =IF('SINBA-SIS-06-P'!Y37=0," ",'SINBA-SIS-06-P'!Y37) -> 50 | O34: VNF51 | P34: =IF('SINBA-SIS-06-P'!V37=0," ",'SINBA-SIS-06-P'!V37) | Q34: VNI51 | R34: =IF('SINBA-SIS-06-P'!W37=0," ",'SINBA-SIS-06-P'!W37) | S34: VNC51 | T34: =IF('SINBA-SIS-06-P'!X37=0," ",'SINBA-SIS-06-P'!X37) | Y34: Tercera (1 año después de la 2a dosis) | Z34: 15 a 19 años | AA34: VTT07 | AB34: =IF('SINBA-SIS-06-P'!Y96=0," ",'SINBA-SIS-06-P'!Y96) | AC34: VTF15 | AD34: =IF('SINBA-SIS-06-P'!V96=0," ",'SINBA-SIS-06-P'!V96) | AE34: VTI15 | AF34: =IF('SINBA-SIS-06-P'!W96=0," ",'SINBA-SIS-06-P'!W96) | AG34: VTM07 | AH34: =IF('SINBA-SIS-06-P'!X96=0," ",'SINBA-SIS-06-P'!X96)
J35: Segunda 4 a 11 meses | M35: VAC18 | N35: =IF('SINBA-SIS-06-P'!Y38=0," ",'SINBA-SIS-06-P'!Y38) -> 42 | O35: VNF52 | P35: =IF('SINBA-SIS-06-P'!V38=0," ",'SINBA-SIS-06-P'!V38) | Q35: VNI52 | R35: =IF('SINBA-SIS-06-P'!W38=0," ",'SINBA-SIS-06-P'!W38) | S35: VNC52 | T35: =IF('SINBA-SIS-06-P'!X38=0," ",'SINBA-SIS-06-P'!X38) | Z35: 20 a 59 años | AA35: VTT08 | AB35: =IF('SINBA-SIS-06-P'!Y97=0," ",'SINBA-SIS-06-P'!Y97) | AC35: VTF16 | AD35: =IF('SINBA-SIS-06-P'!V97=0," ",'SINBA-SIS-06-P'!V97) | AE35: VTI16 | AF35: =IF('SINBA-SIS-06-P'!W97=0," ",'SINBA-SIS-06-P'!W97) | AG35: VTM08 | AH35: =IF('SINBA-SIS-06-P'!X97=0," ",'SINBA-SIS-06-P'!X97)
J36: Tercera 12 a 23 meses | M36: VAC19 | N36: =IF('SINBA-SIS-06-P'!Y39=0," ",'SINBA-SIS-06-P'!Y39) -> 40 | O36: VNF53 | P36: =IF('SINBA-SIS-06-P'!V39=0," ",'SINBA-SIS-06-P'!V39) | Q36: VNI53 | R36: =IF('SINBA-SIS-06-P'!W39=0," ",'SINBA-SIS-06-P'!W39) | S36: VNC53 | T36: =IF('SINBA-SIS-06-P'!X39=0," ",'SINBA-SIS-06-P'!X39) | Z36: 60 y más años | AA36: VTT09 | AB36: =IF('SINBA-SIS-06-P'!Y98=0," ",'SINBA-SIS-06-P'!Y98) | AC36: VTF17 | AD36: =IF('SINBA-SIS-06-P'!V98=0," ",'SINBA-SIS-06-P'!V98) | AE36: VTI17 | AF36: =IF('SINBA-SIS-06-P'!W98=0," ",'SINBA-SIS-06-P'!W98) | AG36: VTM09 | AH36: =IF('SINBA-SIS-06-P'!X98=0," ",'SINBA-SIS-06-P'!X98)
J37: Para iniciar o completar esquema 1 a 4 años | L37: Primera | M37: VNC01 | N37: =IF('SINBA-SIS-06-P'!Y40=0," ",'SINBA-SIS-06-P'!Y40) -> 3 | O37: VNF54 | P37: =IF('SINBA-SIS-06-P'!V40=0," ",'SINBA-SIS-06-P'!V40) | Q37: VNI54 | R37: =IF('SINBA-SIS-06-P'!W40=0," ",'SINBA-SIS-06-P'!W40) | S37: VNC54 | T37: =IF('SINBA-SIS-06-P'!X40=0," ",'SINBA-SIS-06-P'!X40) | Y37: Refuerzo (Cada 10 años, hasta completar 5 dosis) | Z37: 15 a 19 años | AA37: VTT10 | AB37: =IF('SINBA-SIS-06-P'!Y99=0," ",'SINBA-SIS-06-P'!Y99) -> 15 | AC37: VTF18 | AD37: =IF('SINBA-SIS-06-P'!V99=0," ",'SINBA-SIS-06-P'!V99) | AE37: VTI18 | AF37: =IF('SINBA-SIS-06-P'!W99=0," ",'SINBA-SIS-06-P'!W99) | AG37: VTM10 | AH37: =IF('SINBA-SIS-06-P'!X99=0," ",'SINBA-SIS-06-P'!X99)
L38: Segunda | M38: VNC02 | N38: =IF('SINBA-SIS-06-P'!Y41=0," ",'SINBA-SIS-06-P'!Y41) -> 2 | O38: VNF55 | P38: =IF('SINBA-SIS-06-P'!V41=0," ",'SINBA-SIS-06-P'!V41) | Q38: VNI55 | R38: =IF('SINBA-SIS-06-P'!W41=0," ",'SINBA-SIS-06-P'!W41) | S38: VNC55 | T38: =IF('SINBA-SIS-06-P'!X41=0," ",'SINBA-SIS-06-P'!X41) | Z38: 20 a 59 años | AA38: VTT11 | AB38: =IF('SINBA-SIS-06-P'!Y100=0," ",'SINBA-SIS-06-P'!Y100) -> 20 | AC38: VTF19 | AD38: =IF('SINBA-SIS-06-P'!V100=0," ",'SINBA-SIS-06-P'!V100) | AE38: VTI19 | AF38: =IF('SINBA-SIS-06-P'!W100=0," ",'SINBA-SIS-06-P'!W100) | AG38: VTM11 | AH38: =IF('SINBA-SIS-06-P'!X100=0," ",'SINBA-SIS-06-P'!X100)
L39: Tercera | M39: VNC03 | N39: =IF('SINBA-SIS-06-P'!Y42=0," ",'SINBA-SIS-06-P'!Y42) -> 2 | O39: VNF56 | P39: =IF('SINBA-SIS-06-P'!V42=0," ",'SINBA-SIS-06-P'!V42) | Q39: VNI56 | R39: =IF('SINBA-SIS-06-P'!W42=0," ",'SINBA-SIS-06-P'!W42) | S39: VNC56 | T39: =IF('SINBA-SIS-06-P'!X42=0," ",'SINBA-SIS-06-P'!X42) | Z39: 60 y más años | AA39: VTT12 | AB39: =IF('SINBA-SIS-06-P'!Y101=0," ",'SINBA-SIS-06-P'!Y101) -> 6 | AC39: VTF20 | AD39: =IF('SINBA-SIS-06-P'!V101=0," ",'SINBA-SIS-06-P'!V101) | AE39: VTI20 | AF39: =IF('SINBA-SIS-06-P'!W101=0," ",'SINBA-SIS-06-P'!W101) | AG39: VTM12 | AH39: =IF('SINBA-SIS-06-P'!X101=0," ",'SINBA-SIS-06-P'!X101)
J40: Personas de 60 años y más | L40: Única | M40: VNC04 | N40: =IF('SINBA-SIS-06-P'!Y43=0," ",'SINBA-SIS-06-P'!Y43) -> 1 | O40: VNF57 | P40: =IF('SINBA-SIS-06-P'!V43=0," ",'SINBA-SIS-06-P'!V43) | Q40: VNI57 | R40: =IF('SINBA-SIS-06-P'!W43=0," ",'SINBA-SIS-06-P'!W43) | S40: VNC59 | T40: =IF('SINBA-SIS-06-P'!X43=0," ",'SINBA-SIS-06-P'!X43) | W40: 133 Tdpa | Y40: Embarazada a partir de la semana 20 de gestación | AA40: VAC63 | AB40: =IF('SINBA-SIS-06-P'!Y102=0," ",'SINBA-SIS-06-P'!Y102) -> 26 | AC40: VDP52 | AD40: =IF('SINBA-SIS-06-P'!V102=0," ",'SINBA-SIS-06-P'!V102) | AE40: VDP54 | AF40: =IF('SINBA-SIS-06-P'!W102=0," ",'SINBA-SIS-06-P'!W102) | AG40: VDP51 | AH40: =IF('SINBA-SIS-06-P'!X102=0," ",'SINBA-SIS-06-P'!X102)
C41: 354 Neumocócica Conjugada (20 valente) | J41: Primera 2 a 11 meses | M41: VCC01 | N41: =IF('SINBA-SIS-06-P'!Y44=0," ",'SINBA-SIS-06-P'!Y44) | O41: VCF01 | P41: =IF('SINBA-SIS-06-P'!V44=0," ",'SINBA-SIS-06-P'!V44) | Q41: VCI01 | R41: =IF('SINBA-SIS-06-P'!W44=0," ",'SINBA-SIS-06-P'!W44) | S41: VCC51 | T41: =IF('SINBA-SIS-06-P'!X44=0," ",'SINBA-SIS-06-P'!X44) | Y41: Personal en riesgo c | AA41: VDP01 | AB41: =IF('SINBA-SIS-06-P'!Y103=0," ",'SINBA-SIS-06-P'!Y103) -> 2 | AC41: VDP53 | AD41: =IF('SINBA-SIS-06-P'!V103=0," ",'SINBA-SIS-06-P'!V103) | AE41: VDP55 | AF41: =IF('SINBA-SIS-06-P'!W103=0," ",'SINBA-SIS-06-P'!W103) | AG41: VDP56 | AH41: =IF('SINBA-SIS-06-P'!X103=0," ",'SINBA-SIS-06-P'!X103)
J42: Segunda 4 a 11 meses | M42: VCC02 | N42: =IF('SINBA-SIS-06-P'!Y45=0," ",'SINBA-SIS-06-P'!Y45) | O42: VCF02 | P42: =IF('SINBA-SIS-06-P'!V45=0," ",'SINBA-SIS-06-P'!V45) | Q42: VCI02 | R42: =IF('SINBA-SIS-06-P'!W45=0," ",'SINBA-SIS-06-P'!W45) | S42: VCC52 | T42: =IF('SINBA-SIS-06-P'!X45=0," ",'SINBA-SIS-06-P'!X45) | W42: 355 VSR | Y42: Embarazadas entre las semanas 28 y 36 de gestación | AA42: VS001 | AB42: =IF('SINBA-SIS-06-P'!Y104=0," ",'SINBA-SIS-06-P'!Y104) -> 29 | AC42: VSF01 | AD42: =IF('SINBA-SIS-06-P'!V104=0," ",'SINBA-SIS-06-P'!V104) | AE42: VSI01 | AF42: =IF('SINBA-SIS-06-P'!W104=0," ",'SINBA-SIS-06-P'!W104) | AG42: VSM01 | AH42: =IF('SINBA-SIS-06-P'!X104=0," ",'SINBA-SIS-06-P'!X104)
J43: Tercera 12 a 23 meses | M43: VCC03 | N43: =IF('SINBA-SIS-06-P'!Y46=0," ",'SINBA-SIS-06-P'!Y46) | O43: VCF03 | P43: =IF('SINBA-SIS-06-P'!V46=0," ",'SINBA-SIS-06-P'!V46) | Q43: VCI03 | R43: =IF('SINBA-SIS-06-P'!W46=0," ",'SINBA-SIS-06-P'!W46) | S43: VCC53 | T43: =IF('SINBA-SIS-06-P'!X46=0," ",'SINBA-SIS-06-P'!X46) | W43: 344 COVID-19 | Y43: 6 a 59 meses | Z43: Primera | AA43: VCV38 | AB43: =IF('SINBA-SIS-06-P'!Y105=0," ",'SINBA-SIS-06-P'!Y105) | AC43: VOF01 | AD43: =IF('SINBA-SIS-06-P'!V105=0," ",'SINBA-SIS-06-P'!V105) | AE43: VOI01 | AF43: =IF('SINBA-SIS-06-P'!W105=0," ",'SINBA-SIS-06-P'!W105) | AG43: VCV78 | AH43: =IF('SINBA-SIS-06-P'!X105=0," ",'SINBA-SIS-06-P'!X105)
J44: Para iniciar o completar esquema 1 a 4 años | L44: Primera | M44: VCC04 | N44: =IF('SINBA-SIS-06-P'!Y47=0," ",'SINBA-SIS-06-P'!Y47) | O44: VCF04 | P44: =IF('SINBA-SIS-06-P'!V47=0," ",'SINBA-SIS-06-P'!V47) | Q44: VCI04 | R44: =IF('SINBA-SIS-06-P'!W47=0," ",'SINBA-SIS-06-P'!W47) | S44: VCC54 | T44: =IF('SINBA-SIS-06-P'!X47=0," ",'SINBA-SIS-06-P'!X47) | Z44: Segunda | AA44: VCV39 | AB44: =IF('SINBA-SIS-06-P'!Y106=0," ",'SINBA-SIS-06-P'!Y106) | AC44: VOF02 | AD44: =IF('SINBA-SIS-06-P'!V106=0," ",'SINBA-SIS-06-P'!V106) | AE44: VOI02 | AF44: =IF('SINBA-SIS-06-P'!W106=0," ",'SINBA-SIS-06-P'!W106) | AG44: VCV79 | AH44: =IF('SINBA-SIS-06-P'!X106=0," ",'SINBA-SIS-06-P'!X106)
L45: Segunda | M45: VCC05 | N45: =IF('SINBA-SIS-06-P'!Y48=0," ",'SINBA-SIS-06-P'!Y48) | O45: VCF05 | P45: =IF('SINBA-SIS-06-P'!V48=0," ",'SINBA-SIS-06-P'!V48) | Q45: VCI05 | R45: =IF('SINBA-SIS-06-P'!W48=0," ",'SINBA-SIS-06-P'!W48) | S45: VCC55 | T45: =IF('SINBA-SIS-06-P'!X48=0," ",'SINBA-SIS-06-P'!X48) | Z45: Refuerzo | AA45: VCV40 | AB45: =IF('SINBA-SIS-06-P'!Y107=0," ",'SINBA-SIS-06-P'!Y107) | AC45: VOF03 | AD45: =IF('SINBA-SIS-06-P'!V107=0," ",'SINBA-SIS-06-P'!V107) | AE45: VOI03 | AF45: =IF('SINBA-SIS-06-P'!W107=0," ",'SINBA-SIS-06-P'!W107) | AG45: VCV80 | AH45: =IF('SINBA-SIS-06-P'!X107=0," ",'SINBA-SIS-06-P'!X107)
L46: Tercera | M46: VCC06 | N46: =IF('SINBA-SIS-06-P'!Y49=0," ",'SINBA-SIS-06-P'!Y49) | O46: VCF06 | P46: =IF('SINBA-SIS-06-P'!V49=0," ",'SINBA-SIS-06-P'!V49) | Q46: VCI06 | R46: =IF('SINBA-SIS-06-P'!W49=0," ",'SINBA-SIS-06-P'!W49) | S46: VCC56 | T46: =IF('SINBA-SIS-06-P'!X49=0," ",'SINBA-SIS-06-P'!X49) | Y46: 5 a 59 años con factores de riesgo | Z46: Refuerzo | AA46: VCV28 | AB46: =IF('SINBA-SIS-06-P'!Y108=0," ",'SINBA-SIS-06-P'!Y108) | AC46: VOF04 | AD46: =IF('SINBA-SIS-06-P'!V108=0," ",'SINBA-SIS-06-P'!V108) | AE46: VOI04 | AF46: =IF('SINBA-SIS-06-P'!W108=0," ",'SINBA-SIS-06-P'!W108) | AG46: VCV77 | AH46: =IF('SINBA-SIS-06-P'!X108=0," ",'SINBA-SIS-06-P'!X108)
J47: Personas de 60 años y más | L47: Única | M47: VCC07 | N47: =IF('SINBA-SIS-06-P'!Y50=0," ",'SINBA-SIS-06-P'!Y50) | O47: VCF07 | P47: =IF('SINBA-SIS-06-P'!V50=0," ",'SINBA-SIS-06-P'!V50) | Q47: VCI07 | R47: =IF('SINBA-SIS-06-P'!W50=0," ",'SINBA-SIS-06-P'!W50) | S47: VCC57 | T47: =IF('SINBA-SIS-06-P'!X50=0," ",'SINBA-SIS-06-P'!X50) | Y47: 60 años y más | Z47: Refuerzo | AA47: VCV16 | AB47: =IF('SINBA-SIS-06-P'!Y109=0," ",'SINBA-SIS-06-P'!Y109) | AC47: VOF05 | AD47: =IF('SINBA-SIS-06-P'!V109=0," ",'SINBA-SIS-06-P'!V109) | AE47: VOI05 | AF47: =IF('SINBA-SIS-06-P'!W109=0," ",'SINBA-SIS-06-P'!W109) | AG47: VCV66 | AH47: =IF('SINBA-SIS-06-P'!X109=0," ",'SINBA-SIS-06-P'!X109)
C48: 127 S R P Triple viral | J48: Primera 12 meses | M48: VAC23 | N48: =IF('SINBA-SIS-06-P'!Y51=0," ",'SINBA-SIS-06-P'!Y51) -> 49 | O48: VLF01 | P48: =IF('SINBA-SIS-06-P'!V51=0," ",'SINBA-SIS-06-P'!V51) | Q48: VLI01 | R48: =IF('SINBA-SIS-06-P'!W51=0," ",'SINBA-SIS-06-P'!W51) | S48: VTV51 | T48: =IF('SINBA-SIS-06-P'!X51=0," ",'SINBA-SIS-06-P'!X51) | Y48: Embarazadas | Z48: Refuerzo | AA48: VCV20 | AB48: =IF('SINBA-SIS-06-P'!Y110=0," ",'SINBA-SIS-06-P'!Y110) | AC48: VOF06 | AD48: =IF('SINBA-SIS-06-P'!V110=0," ",'SINBA-SIS-06-P'!V110) | AE48: VOI06 | AF48: =IF('SINBA-SIS-06-P'!W110=0," ",'SINBA-SIS-06-P'!W110) | AG48: VCV70 | AH48: =IF('SINBA-SIS-06-P'!X110=0," ",'SINBA-SIS-06-P'!X110)
J49: Segunda 18 meses | M49: VTV01 | N49: =IF('SINBA-SIS-06-P'!Y52=0," ",'SINBA-SIS-06-P'!Y52) -> 27 | O49: VLF02 | P49: =IF('SINBA-SIS-06-P'!V52=0," ",'SINBA-SIS-06-P'!V52) | Q49: VLI02 | R49: =IF('SINBA-SIS-06-P'!W52=0," ",'SINBA-SIS-06-P'!W52) | S49: VTV52 | T49: =IF('SINBA-SIS-06-P'!X52=0," ",'SINBA-SIS-06-P'!X52) | Y49: Personal de salud | Z49: Refuerzo | AA49: VCV21 | AB49: =IF('SINBA-SIS-06-P'!Y111=0," ",'SINBA-SIS-06-P'!Y111) | AC49: VOF07 | AD49: =IF('SINBA-SIS-06-P'!V111=0," ",'SINBA-SIS-06-P'!V111) | AE49: VOI07 | AF49: =IF('SINBA-SIS-06-P'!W111=0," ",'SINBA-SIS-06-P'!W111) | AG49: VCV82 | AH49: =IF('SINBA-SIS-06-P'!X111=0," ",'SINBA-SIS-06-P'!X111)
J50: Para iniciar o completar esquema | L50: Primera 17 meses a 9 años | M50: VTV02 | N50: =IF('SINBA-SIS-06-P'!Y53=0," ",'SINBA-SIS-06-P'!Y53) -> 5 | O50: VLF03 | P50: =IF('SINBA-SIS-06-P'!V53=0," ",'SINBA-SIS-06-P'!V53) | Q50: VLI03 | R50: =IF('SINBA-SIS-06-P'!W53=0," ",'SINBA-SIS-06-P'!W53) | S50: VTV54 | T50: =IF('SINBA-SIS-06-P'!X53=0," ",'SINBA-SIS-06-P'!X53)
L51: Segunda 2 a 9 años | M51: VTV03 | N51: =IF('SINBA-SIS-06-P'!Y54=0," ",'SINBA-SIS-06-P'!Y54) -> 33 | O51: VLF04 | P51: =IF('SINBA-SIS-06-P'!V54=0," ",'SINBA-SIS-06-P'!V54) | Q51: VLI04 | R51: =IF('SINBA-SIS-06-P'!W54=0," ",'SINBA-SIS-06-P'!W54) | S51: VTV55 | T51: =IF('SINBA-SIS-06-P'!X54=0," ",'SINBA-SIS-06-P'!X54)
C52: 128 S R Doble viral | J52: Adicional 6 a 11 meses | M52: VAC82 | N52: =IF('SINBA-SIS-06-P'!Y55=0," ",'SINBA-SIS-06-P'!Y55) -> 26 | O52: VDF01 | P52: =IF('SINBA-SIS-06-P'!V55=0," ",'SINBA-SIS-06-P'!V55) | Q52: VDI01 | R52: =IF('SINBA-SIS-06-P'!W55=0," ",'SINBA-SIS-06-P'!W55) | S52: VDV51 | T52: =IF('SINBA-SIS-06-P'!X55=0," ",'SINBA-SIS-06-P'!X55)
J53: Adicional 1 a 4 años | M53: VAC91 | N53: =IF('SINBA-SIS-06-P'!Y56=0," ",'SINBA-SIS-06-P'!Y56) | O53: VDF02 | P53: =IF('SINBA-SIS-06-P'!V56=0," ",'SINBA-SIS-06-P'!V56) | Q53: VDI02 | R53: =IF('SINBA-SIS-06-P'!W56=0," ",'SINBA-SIS-06-P'!W56) | S53: VDV52 | T53: =IF('SINBA-SIS-06-P'!X56=0," ",'SINBA-SIS-06-P'!X56)
J54: 10 a 19 años | M54: VDV01 | N54: =IF('SINBA-SIS-06-P'!Y57=0," ",'SINBA-SIS-06-P'!Y57) -> 1 | O54: VDF03 | P54: =IF('SINBA-SIS-06-P'!V57=0," ",'SINBA-SIS-06-P'!V57) | Q54: VDI03 | R54: =IF('SINBA-SIS-06-P'!W57=0," ",'SINBA-SIS-06-P'!W57) | S54: VDV54 | T54: =IF('SINBA-SIS-06-P'!X57=0," ",'SINBA-SIS-06-P'!X57)
J55: 20 a 39 años | M55: VDV02 | N55: =IF('SINBA-SIS-06-P'!Y58=0," ",'SINBA-SIS-06-P'!Y58) -> 1 | O55: VDF04 | P55: =IF('SINBA-SIS-06-P'!V58=0," ",'SINBA-SIS-06-P'!V58) | Q55: VDI04 | R55: =IF('SINBA-SIS-06-P'!W58=0," ",'SINBA-SIS-06-P'!W58) | S55: VDV55 | T55: =IF('SINBA-SIS-06-P'!X58=0," ",'SINBA-SIS-06-P'!X58)
J56: 40 a 49 años | M56: VDV03 | N56: =IF('SINBA-SIS-06-P'!Y59=0," ",'SINBA-SIS-06-P'!Y59) | O56: VDF05 | P56: =IF('SINBA-SIS-06-P'!V59=0," ",'SINBA-SIS-06-P'!V59) | Q56: VDI05 | R56: =IF('SINBA-SIS-06-P'!W59=0," ",'SINBA-SIS-06-P'!W59) | S56: VDV56 | T56: =IF('SINBA-SIS-06-P'!X59=0," ",'SINBA-SIS-06-P'!X59)
J57: Personal de salud | M57: VDV04 | N57: =IF('SINBA-SIS-06-P'!Y60=0," ",'SINBA-SIS-06-P'!Y60) | O57: VDF06 | P57: =IF('SINBA-SIS-06-P'!V60=0," ",'SINBA-SIS-06-P'!V60) | Q57: VDI06 | R57: =IF('SINBA-SIS-06-P'!W60=0," ",'SINBA-SIS-06-P'!W60) | S57: VDV57 | T57: =IF('SINBA-SIS-06-P'!X60=0," ",'SINBA-SIS-06-P'!X60)
J58: Personal educativo | M58: VDV05 | N58: =IF('SINBA-SIS-06-P'!Y61=0," ",'SINBA-SIS-06-P'!Y61) | O58: VDF07 | P58: =IF('SINBA-SIS-06-P'!V61=0," ",'SINBA-SIS-06-P'!V61) | Q58: VDI07 | R58: =IF('SINBA-SIS-06-P'!W61=0," ",'SINBA-SIS-06-P'!W61) | S58: VDV58 | T58: =IF('SINBA-SIS-06-P'!X61=0," ",'SINBA-SIS-06-P'!X61)
J59: Jornaleros agrícolas | M59: VDV06 | N59: =IF('SINBA-SIS-06-P'!Y62=0," ",'SINBA-SIS-06-P'!Y62) | O59: VDF08 | P59: =IF('SINBA-SIS-06-P'!V62=0," ",'SINBA-SIS-06-P'!V62) | Q59: VDI08 | R59: =IF('SINBA-SIS-06-P'!W62=0," ",'SINBA-SIS-06-P'!W62) | S59: VDV59 | T59: =IF('SINBA-SIS-06-P'!X62=0," ",'SINBA-SIS-06-P'!X62)
C60: * Vacunas que NO forman parte del Programa de Vacunación Universal
C61: a La edad mínima de aplicación de la vacuna contra el VPH es de 9 años.
C62: b Mujeres Adolescentes de 10 a 19 años víctimas de violación sexual que no tengan antecedente vacunal.
C63: c Personal de salud en contacto con menores de 1 año.

Sheet SIS-SS-IE Mensual
A1: Subsecretaria de Prevención y Promoción de la Salud
A2: Centro Nacional para la Salud de la Infancia y la Adolescencia
A3: Programa de Vacunación Universal
A4: Concentrado Mensual de Dosis Aplicadas de Vacuna Anti influenza Estacional por Unidad de Salud Temporada Invernal 2025-2026
A6: Nombre del responsable de vacunación: | D6: =IF(ÍNDICE!J4=0," ",ÍNDICE!J4) -> LE. ANA MELISSA SALAZAR SERRANO | I6: Unidad de Salud: | J6: =IF(ÍNDICE!C4=0," ",ÍNDICE!C4) -> LOMAS DE CASA BLANCA
C7: Servicio: | D7: MEDICINA PREVENTIVA | I7: Clues | J7: =IF(ÍNDICE!G4=0," ",ÍNDICE!G4) -> QTSSA012982
A8: SIS 2025 - 2026 | J8: ="Del 1ro al "&IF(SUM(ÍNDICE!S3)=0," ",SUM(ÍNDICE!S3)&" de") -> Del 1ro al 31 de | K8: =IF(ÍNDICE!O4=0," ",ÍNDICE!O4) -> AGOSTO | L8: ="del "&TEXT(ÍNDICE!$U$3,"aaaa") -> del 2026
B10: BIOLÓGICO | C10: DOSIS / GRUPO POBLACIONAL | E10: Clave | F10: Variable | G10: TOTAL | H10: SEMANA 1 | I10: SEMANA 2 | J10: SEMANA 3 | K10: SEMANA 4 | L10: SEMANA 5
A11: 225 Aplicación de Antiinfluenza Estacional | B11: Población blanco | C11: Pimera dosis | E11: BIE01 | F11: 6 a 11 meses | G11: =SUM(H11:L11) -> 0
E12: BIE28 | F12: 12 a 23 meses | G12: =SUM(H12:L12) -> 0
E13: BIE29 | F13: 24 a 35 meses | G13: =SUM(H13:L13) -> 0
E14: BIE30 | F14: 36 a 47 meses | G14: =SUM(H14:L14) -> 0
E15: BIE31 | F15: 48 a 59 meses | G15: =SUM(H15:L15) -> 0
C16: Segunda dosis | E16: BIE04 | F16: 7 a 11 meses | G16: =SUM(H16:L16) -> 0
E17: BIE32 | F17: 12 a 23 meses | G17: =SUM(H17:L17) -> 0
E18: BIE33 | F18: 24 a 35 meses | G18: =SUM(H18:L18) -> 0
E19: BIE34 | F19: 36 a 47 meses | G19: =SUM(H19:L19) -> 0
E20: BIE35 | F20: 48 a 59 meses | G20: =SUM(H20:L20) -> 0
C21: Revacunación | E21: BIE36 | F21: 18 a 23 meses | G21: =SUM(H21:L21) -> 0
E22: BIE37 | F22: 24 a 35 meses | G22: =SUM(H22:L22) -> 0
E23: BIE38 | F23: 36 a 47 meses | G23: =SUM(H23:L23) -> 0
E24: BIE39 | F24: 48 a 59 meses | G24: =SUM(H24:L24) -> 0
E25: BIE40 | F25: 60 años y más | G25: =SUM(H25:L25) -> 0
B26: Población de riesgo de 5 a 59 años | C26: Grupos Riesgo | E26: BIO96 | F26: Embarazadas | G26: =SUM(H26:L26) -> 0
E27: BIO97 | F27: Personal de salud UM | G27: =SUM(H27:L27) -> 0
C28: Personas que viven con VIH/SIDA | E28: BIE09 | F28: 5 a 9 años | G28: =SUM(H28:L28) -> 0
E29: BIE10 | F29: 10 a 19 años | G29: =SUM(H29:L29) -> 0
E30: BIE41 | F30: 20 a 59 años | G30: =SUM(H30:L30) -> 0
C31: Personas que viven con Diabetes Mellitus | E31: BIE12 | F31: 5 a 9 años | G31: =SUM(H31:L31) -> 0
E32: BIE13 | F32: 10 a 19 años | G32: =SUM(H32:L32) -> 0
E33: BIE42 | F33: 20 a 59 años | G33: =SUM(H33:L33) -> 0
C34: Personas que viven con obesidad mórbida | E34: BIE15 | F34: 5 a 9 años | G34: =SUM(H34:L34) -> 0
E35: BIE16 | F35: 10 a 19 años | G35: =SUM(H35:L35) -> 0
E36: BIE43 | F36: 20 a 59 años | G36: =SUM(H36:L36) -> 0
C37: Personas que viven con cardiopatías agudas o crónicas excepto hipertensión arterial esencial | E37: BIE18 | F37: 5 a 9 años | G37: =SUM(H37:L37) -> 0
E38: BIE19 | F38: 10 a 19 años | G38: =SUM(H38:L38) -> 0
E39: BIE44 | F39: 20 a 59 años | G39: =SUM(H39:L39) -> 0
C40: Personas que viven con enfermedad pulmonar crónica, incluye EPOC y asma | E40: BIE48 | F40: 5 a 9 años | G40: =SUM(H40:L40) -> 0
E41: BIE49 | F41: 10 a 19 años | G41: =SUM(H41:L41) -> 0
E42: BIE50 | F42: 20 a 59 años | G42: =SUM(H42:L42) -> 0
C43: Personas que viven con cáncer | E43: BIE24 | F43: 5 a 9 años | G43: =SUM(H43:L43) -> 0
E44: BIE25 | F44: 10 a 19 años | G44: =SUM(H44:L44) -> 0
E45: BIE46 | F45: 20 a 59 años | G45: =SUM(H45:L45) -> 0
C46: Personas que viven con enfermedades cardiacas o pulmonares congénitas, u otros padecimientos crónicos que requieran consumo prolongado de salicilatos | E46: BIE51 | F46: 5 a 9 años | G46: =SUM(H46:L46) -> 0
E47: BIE52 | F47: 10 a 19 años | G47: =SUM(H47:L47) -> 0
C48: Personas que viven con insuficiencia renal | E48: BIE53 | F48: 5 a 9 años | G48: =SUM(H48:L48) -> 0
E49: BIE54 | F49: 10 a 19 años | G49: =SUM(H49:L49) -> 0
E50: BIE55 | F50: 20 a 59 años | G50: =SUM(H50:L50) -> 0
C51: Personas que viven con inmunosupresión adquirida por enfermedad o tratamiento, excepto VIH/sida | E51: BIE56 | F51: 5 a 9 años | G51: =SUM(H51:L51) -> 0
E52: BIE57 | F52: 10 a 19 años | G52: =SUM(H52:L52) -> 0
E53: BIE58 | F53: 20 a 59 años | G53: =SUM(H53:L53) -> 0
C54: Otros grupos de riesgo | E54: BIE59 | F54: 5 a 9 años | G54: =SUM(H54:L54) -> 0
E55: BIE60 | F55: 10 a 19 años | G55: =SUM(H55:L55) -> 0
E56: BIE61 | F56: 20 a 59 años | G56: =SUM(H56:L56) -> 0
B57: TOTAL DE DOSIS APLICADAS | F57: =IF(SUM(H57:L57)*0," ",SUM(H57:L57)) -> 0 | H57: =SUM(H11:H56) -> 0 | I57: =SUM(I11:I56) -> 0 | J57: =SUM(J11:J56) -> 0 | K57: =SUM(K11:K56) -> 0 | L57: =SUM(L11:L56) -> 0
B58: TOTAL EN FRASCOS | F58: =IFERROR(IF(F57/10=0," ",F57/10)," ") | H58: =IFERROR(IF(H57/10=0," ",H57/10)," ") | I58: =IFERROR(IF(I57/10=0," ",I57/10)," ") | J58: =IFERROR(IF(J57/10=0," ",J57/10)," ") | K58: =IFERROR(IF(K57/10=0," ",K57/10)," ") | L58: =IFERROR(IF(L57/10=0," ",L57/10)," ")
B59: Fuente: paralelo SIS
B60: Informe preliminar, hasta ser validado por supervisores municipales.
